,profileUrl,comment,likeCount,replyCount,username,commentDate,postID,ownerId,profilePictureUrl,isReply,timestamp,query
,,,,,,,,,,,,
,https://www.instagram.com/zizi6466,Ù…ÙŠØ´Ù‡ Ø§ÙŠÙ†Ø³ØªØ§ Ø´ÙˆÙ† Ù‡Ù… ØªÚ¯ ÙƒÙ†ÙŠÙ† Ø§ÙŠÙ† Ø¢Ø¯Ù… Ø­Ø³Ø§Ø¨ÙŠ Ù‡Ø§ Ø±Ùˆ ÙƒÙ‡ ÙƒÙ…ØªØ±ÙŠÙ† ÙƒØ§Ø±ÙŠ ÙƒÙ‡ Ù…ÙŠÙƒÙ†ÙŠÙ… ÙØ§Ù„Ùˆ Ø´ÙˆÙ† ÙƒÙ†ÙŠÙ… Ø­Ø¯Ø§Ø§Ù‚Ù„,4,1,zizi6466,2020-10-15T15:52:07.000Z,17847548828377249,818772234,https://scontent-lga3-2.cdninstagram.com/v/t51.2885-19/11094457_913479288716578_1558855285_a.jpg?_nc_ht=scontent-lga3-2.cdninstagram.com&_nc_ohc=JqsMROgWEg8AX9bxcZ3&oh=75304aada8c45bfcb786cce659ebd925&oe=5FE6CB5C,false,2020-11-25T08:01:04.600Z,https://www.instagram.com/p/CGXfXWTAD_g/
,https://www.instagram.com/adam_hesabiha_official,@zizi6466 Ù‡Ù… Ø²ÙŠØ± Ù¾ÙØ³Øª Ù‡Ù… Ø±ÙˆÙ‰ Ø¹ÙƒØ³Ø´ÙˆÙ† ØªÚ¯ Ø´Ø¯Ù‡!,2,,adam_hesabiha_official,2020-10-15T15:53:13.000Z,17918739781474909,38954565481,https://scontent-lga3-2.cdninstagram.com/v/t51.2885-19/s150x150/107415140_3711255568891007_5884311285054637209_n.jpg?_nc_ht=scontent-lga3-2.cdninstagram.com&_nc_ohc=53mCQ9nlhx0AX9MAtz1&tp=1&oh=e6161bcdd39a4fd6d03d444ec4da3c84&oe=5FE89F60,true,2020-11-25T08:01:04.600Z,https://www.instagram.com/p/CGXfXWTAD_g/
,https://www.instagram.com/nazilaa.abedini,Ø§ÛŒÙ†Ø¬Ø§ Ø¨ÙˆØ¯ Ø¨Ù‡ Ø®Ø§Ø·Ø± Ù…Ø¯Ù„ Ù…ÙˆÙ‡Ø§Ø´ Ø§Ø² ØªØ­Ù‚ÛŒÙ‚Ø§Øª Ù…Ø²Ø®Ø±Ù Ø¯Ø§Ù†Ø´Ú¯Ø§Ù‡ Ø±Ø¯ Ù…ÛŒØ´Ø¯  Ø§Ù†Ø´Ø§Ù„Ù„Ù‡ Ø¨ÛŒØ´ Ø§Ø² Ù¾ÛŒØ´ Ø¨Ø± ÙØ±Ø§Ø² Ø¨Ø§Ø´Ù† ğŸŒº,35,0,nazilaa.abedini,2020-10-15T14:35:59.000Z,17884002589749240,1527568305,https://scontent-lga3-2.cdninstagram.com/v/t51.2885-19/s150x150/22278163_143086229765183_1495272059280818176_n.jpg?_nc_ht=scontent-lga3-2.cdninstagram.com&_nc_ohc=QNoCFuFFVSsAX8T-SpG&tp=1&oh=68d05a909445384a6b040a818f01b5c3&oe=5FE82E31,false,2020-11-25T08:01:04.600Z,https://www.instagram.com/p/CGXfXWTAD_g/
,https://www.instagram.com/fazel.roostaei,Ø§Ú¯Ù‡ ØªÙˆ Ø§ÛŒØ±Ø§Ù† Ù…ÙˆÙ†Ø¯Ù‡ Ø¨ÙˆØ¯ Ø¨Ù‡ Ø®Ø§Ø·Ø± Ù…Ø¯Ù„ Ù…ÙˆÙ‡Ø§Ø´ Ø§Ø² Ø¯Ø§Ù†Ø´Ú¯Ø§Ù‡ Ø§Ø®Ø±Ø§Ø¬ Ø´Ø¯Ù‡ Ø¨ÙˆØ¯ Ùˆ Ø§Ù„Ø§Ù† Ø¯Ø§Ø´Øª ØªÙˆ Ø§Ø³Ù†Ù¾ Ú©Ø§Ø± Ù…ÛŒÚ©Ø±Ø¯,16,1,fazel.roostaei,2020-10-15T16:12:56.000Z,18074150935224335,1932130732,https://scontent-lga3-2.cdninstagram.com/v/t51.2885-19/s150x150/25011052_341760582966520_8109421562253279232_n.jpg?_nc_ht=scontent-lga3-2.cdninstagram.com&_nc_ohc=CyhuuL08GmUAX_oxFz6&tp=1&oh=223eae9a83ee154dca77b797bf2ea995&oe=5FE90FAB,false,2020-11-25T08:01:04.600Z,https://www.instagram.com/p/CGXfXWTAD_g/
,https://www.instagram.com/souli_official,@fazel.roostaei Ø¯Ù‚ÛŒÙ‚Ø§ Ø§ÛŒÙ† Ø§ØªÙØ§Ù‚ Ø¨Ø±Ø§ÛŒ Ù…Ù† Ø§ÙØªØ§Ø¯ğŸ˜†,0,,souli_official,2020-10-15T17:38:46.000Z,17890684603715882,16146995759,https://scontent-lga3-2.cdninstagram.com/v/t51.2885-19/s150x150/87232135_1008526639531933_7459206222793670656_n.jpg?_nc_ht=scontent-lga3-2.cdninstagram.com&_nc_ohc=rQ0P0ClgnvEAX8tv418&tp=1&oh=c2c044dafeeb58910960cfc6f74602dd&oe=5FE8E56B,true,2020-11-25T08:01:04.600Z,https://www.instagram.com/p/CGXfXWTAD_g/
,https://www.instagram.com/zari.jam1988,ÙÙ‚Ø· Ø§Ø´Ú© ØªÙˆ Ú†Ø´Ù…Ø§Ø´. Ø­Ø³ ØºØ±ÙˆØ±Ø´. Ø­Ø³ Ù…ÙˆÙÙ‚ÛŒØªØ´. Ø§ÛŒØ´Ø§Ù„Ù„Ù‡ Ù‡Ù…ÛŒØ´Ù‡ Ø³Ø±Ø¨Ù„Ù†Ø¯ Ø¨Ø§Ø´Ù† Ùˆ Ø¨Ø§Ø¹Ø« Ø§ÙØªØ®Ø§Ø± Ù…Ø§ ğŸ’ğŸ’ğŸ’,11,0,zari.jam1988,2020-10-15T15:56:37.000Z,17889897928693049,1737628027,https://scontent-lga3-2.cdninstagram.com/v/t51.2885-19/s150x150/125545434_288535692483239_2310572120621244037_n.jpg?_nc_ht=scontent-lga3-2.cdninstagram.com&_nc_ohc=PKG3AV3B5jYAX9fnkRf&tp=1&oh=750f496a7ce4ac22b43af25953a3f4e0&oe=5FE7768E,false,2020-11-25T08:01:04.600Z,https://www.instagram.com/p/CGXfXWTAD_g/
,https://www.instagram.com/alizadeh.homeyra,Ù„Ø°ØªØ¨Ø®Ø´Ù‡ Ø¯ÛŒØ¯Ù† Ù…ÙˆÙÙ‚ÛŒØª Ù‡Ù…ÙˆØ·Ù†Ø§Ù…ÙˆÙ†,8,0,alizadeh.homeyra,2020-10-15T14:22:43.000Z,17845318967421846,7393914662,https://scontent-lga3-2.cdninstagram.com/v/t51.2885-19/s150x150/121054981_918334932025866_3903459716540627117_n.jpg?_nc_ht=scontent-lga3-2.cdninstagram.com&_nc_ohc=7wzyq57dI70AX-pDCk7&tp=1&oh=f65bf54b76e7878d5fcaf56c99aed193&oe=5FE60C8C,false,2020-11-25T08:01:04.600Z,https://www.instagram.com/p/CGXfXWTAD_g/
,https://www.instagram.com/aliz_naz,Ø®ÛŒÙ„ÛŒ Ø¢Ù‚Ø§ Ùˆ Ø¯ÙˆØ³Øª Ø¯Ø§Ø´ØªÙ†ÛŒÙ‡ â¤ï¸ğŸ˜,3,9,aliz_naz,2020-10-15T14:12:35.000Z,17900126995594963,5938758371,https://scontent-lga3-2.cdninstagram.com/v/t51.2885-19/s150x150/126903611_922260431914564_2746314871052679144_n.jpg?_nc_ht=scontent-lga3-2.cdninstagram.com&_nc_ohc=utI_Xq9cHZkAX8FTgyF&tp=1&oh=6907a83bc955e422158bfbabf6ebe076&oe=5FE66000,false,2020-11-25T08:01:04.600Z,https://www.instagram.com/p/CGXfXWTAD_g/
,https://www.instagram.com/aliz_naz,@sweetgirlo_mine Ø´ÙˆØ®ÛŒ Ú©Ø±Ø¯Ù… ğŸ˜‰ ÙˆÙ„ÛŒ Ø§ÛŒÙ†Ú©Ù‡ Ø´Ù…Ø§ Ù†Ù…ÛŒØ´Ù†Ø§Ø³ÛŒÙ† Ú©Ø³ÛŒ Ùˆ Ø¯Ù„ÛŒÙ„ Ù†Ù…ÛŒØ´Ù‡ ÛŒÚ©ÛŒ Ø¯ÛŒÚ¯Ù‡ Ù‡Ù… Ù†Ø´Ù†Ø§Ø³Ù‡,1,,aliz_naz,2020-10-15T19:55:40.000Z,17899019260605608,5938758371,https://scontent-lga3-2.cdninstagram.com/v/t51.2885-19/s150x150/126903611_922260431914564_2746314871052679144_n.jpg?_nc_ht=scontent-lga3-2.cdninstagram.com&_nc_ohc=utI_Xq9cHZkAX8FTgyF&tp=1&oh=6907a83bc955e422158bfbabf6ebe076&oe=5FE66000,true,2020-11-25T08:01:04.600Z,https://www.instagram.com/p/CGXfXWTAD_g/
,https://www.instagram.com/sweetgirlo_mine,@aliz_naz Ø¨Ø§Ø¨Ú© Ù¾Ø³Ø±Ø¯Ø§ÛŒÛŒ Ù…Ø§Ø¯Ø±Ù…Ù‡ ğŸ˜‚,0,,sweetgirlo_mine,2020-10-16T06:03:11.000Z,18013456183295698,1595695295,https://scontent-lga3-2.cdninstagram.com/v/t51.2885-19/s150x150/118787707_777252809688230_4093955270414233135_n.jpg?_nc_ht=scontent-lga3-2.cdninstagram.com&_nc_ohc=xX8p9GpGW58AX-PtrP2&tp=1&oh=c1c7145566c0709499c37feb91f94ea2&oe=5FE6FFE3,true,2020-11-25T08:01:04.600Z,https://www.instagram.com/p/CGXfXWTAD_g/
,https://www.instagram.com/aliz_naz,@sweetgirlo_mine Ú†Ù‚Ø¯Ø± Ù†Ø²Ø¯ÛŒÚ© ğŸ˜,0,,aliz_naz,2020-10-16T06:19:30.000Z,17842879373449522,5938758371,https://scontent-lga3-2.cdninstagram.com/v/t51.2885-19/s150x150/126903611_922260431914564_2746314871052679144_n.jpg?_nc_ht=scontent-lga3-2.cdninstagram.com&_nc_ohc=utI_Xq9cHZkAX8FTgyF&tp=1&oh=6907a83bc955e422158bfbabf6ebe076&oe=5FE66000,true,2020-11-25T08:01:04.600Z,https://www.instagram.com/p/CGXfXWTAD_g/
,https://www.instagram.com/silk.peimaneh.j,Ø§ÛŒÚ©Ø§Ø´ Ù‡Ù…Ù‡ ÛŒ  Ø§ÛŒÙ† Ø¬ÙˆÙˆÙ†Ø§ Ø¨Ø±Ø§ÛŒ ÙˆØ·Ù† Ø®Ø¯Ù…Øª Ù…ÛŒÚ©Ø±Ø¯Ù† Ùˆ Ø¨Ù‡Ø´ÙˆÙ† Ø¨Ù‡Ø§ Ø¯Ø§Ø¯Ù‡ Ù…ÛŒØ´Ø¯ ğŸ™,7,0,silk.peimaneh.j,2020-10-15T14:53:57.000Z,18079926559218219,3667906385,https://scontent-lga3-2.cdninstagram.com/v/t51.2885-19/s150x150/83927475_1057131344640177_3716459691132321792_n.jpg?_nc_ht=scontent-lga3-2.cdninstagram.com&_nc_ohc=yP-XRROur_EAX9Qcsmw&tp=1&oh=cd80af19e33e915bc4295b6f62a7acf9&oe=5FE5CCCE,false,2020-11-25T08:01:04.600Z,https://www.instagram.com/p/CGXfXWTAD_g/
,https://www.instagram.com/arvin.safari,Ø®ÙˆØ´ Ø¨Ø­Ø§Ù„ Ø§ÙˆÙ† Ù…Ù…Ù„Ú©ØªÛŒ Ú©Ù‡ Ø¢Ø¯Ù… Ø­Ø³Ø§Ø¨ÛŒ Ù‡Ø§ÛŒÛŒ Ø§ÛŒÙ†Ú†Ù†ÛŒÙ† Ø¯Ø§Ø±Ù‡! Ø¢Ø¯Ù… Ø­Ø³Ø§Ø¨ÛŒ Ø¨ÙˆØ¯Ù† Ø§ÛŒØ´ÙˆÙ† Ù…Ø±Ø¨ÙˆØ· Ø¨Ù‡ Ù…Ù…Ù„Ú©Øª Ù…Ø§ Ù…ÛŒØ´Ù‡ Ø¢ÛŒØ§!!!ØŸ Ø§Ù„Ø§Ù† Ø§Ú¯Ù‡ Ú©Ø³ÛŒ ØªÙˆÛŒ Ù…Ù…Ù„Ú©Øª Ù…Ø§ ÛŒÙ‡ Ú©ÛŒÙ Ù¾Ø± Ø§Ø² Ù¾ÙˆÙ„ (Ù…Ù†Ø¸ÙˆØ± Ú©ÛŒÙÛŒ Ù¾Ø± Ø§Ø² ØµØ¯ Ø¯Ù„Ø§Ø±ÛŒ Ù‡Ø³Øª Ù†Ù‡ Ø±ÛŒØ§Ù„) Ù¾ÛŒØ¯Ø§ Ú©Ù†Ù‡ Ùˆ Ø§ÙˆÙ†Ùˆ Ø¨Ù‡ ØµØ§Ø­Ø¨Ø´ Ø¨Ø±Ø³ÙˆÙ†Ù‡ØŒ ÛŒØ§ Ù…Ø«Ù„Ø§ Ø¨Ù‡ Ø­ÛŒÙˆØ§Ù†Ø§ØªÛŒ Ú©Ù‡ Ø¯Ø± Ú¯Ù†Ø¯ Ú©Ø§Ø±ÛŒ Ù‡Ø§ÛŒ Ø§Ù†Ø³Ø§Ù†ÛŒ! Ù…Ø§ Ú¯ÛŒØ± Ø§ÙØªØ§Ø¯Ù† Ú©Ù…Ú© Ú©Ù†Ù‡ØŒ Ù…ÛŒØ´Ù‡ Ø¢Ø¯Ù… Ø­Ø³Ø§Ø¨ÛŒ Ùˆ Ø¨Ø±Ø§ÛŒ Ù‡Ù…Ù‡ ÛŒ Ù…Ø§ Ù‚Ø§Ø¨Ù„ ØªØ­Ø³ÛŒÙ† Ùˆ Ø§Ø­ØªØ±Ø§Ù…ØŒ ÙˆÙ„ÛŒ ØºØ§ÙÙ„ Ø§Ø² Ø§ÛŒÙ†Ú©Ù‡ Ø§ÛŒÙ† Ú©Ø§Ø±Ù‡Ø§ Ù‡Ø± Ø¬Ø§ÛŒ Ø¯Ù†ÛŒØ§ Ø±ÙØªØ§Ø± Ù¾ÛŒØ´ÙØ±Ø¶ Ø¢Ø¯Ù… Ø¨Ø§ÛŒØ¯ Ø¨Ø§Ø´Ù‡. Ø®ÙˆØ´Ø¨Ø­Ø§Ù„Øª Ø¢Ù‚Ø§ÛŒ ÙØ±Ø¯ÙˆØ³ÛŒ Ú©Ù‡ ØªÙˆÙ†Ø³ØªÛŒ Ø§ÙˆÙ†ÛŒ Ú©Ù‡ Ù…ÛŒØ®ÙˆØ§Ø³ØªÛŒ Ø¨Ø§Ø´ÛŒØŒ Ø¨Ø´ÛŒ Ùˆ Ø®ÙˆØ´Ø¨Ø­Ø§Ù„ Ø§ÙˆÙ† Ù…Ù…Ù„Ú©ØªÛŒ Ú©Ù‡ ØªÙˆ Ùˆ Ø§Ù…Ø«Ø§Ù„ ØªÙˆ Ø¯Ø§Ø±ÛŒØ¯ Ø±ÙˆØ² Ø¨Ù‡ Ø±ÙˆØ² Ø¨Ø±Ø§ÛŒ Ù¾ÛŒØ´Ø±ÙØªØ´ Ú©Ø§Ø± Ù…ÛŒÚ©Ù†ÛŒØ¯. Ù…Ø§ Ù‡Ù… Ø§ÛŒÙ†Ø¬Ø§ ØªÙˆÛŒ Ø·Ø¨Ù‚Ù‡ Ù¾Ø§ÛŒÛŒÙ† Ù‡ÙØ±ÙÙ… (Ø­ÙØ±ÙÙ…) Ù…Ø§Ø²Ù„Ùˆ Ù…Ø´ØºÙˆÙ„ Ø·ÙˆØ§ÙÛŒÙ…. Ø§ÛŒ ØªÙÙˆ Ø¨Ø± ØªÙˆ Ø§ÛŒ Ú†Ø±Ø® Ú¯Ø±Ø¯ÙˆÙ† ØªÙÙˆ.,3,0,arvin.safari,2020-10-15T15:15:37.000Z,17881938493805332,1456830324,https://scontent-lga3-2.cdninstagram.com/v/t51.2885-19/10607969_325818304262095_1001660105_a.jpg?_nc_ht=scontent-lga3-2.cdninstagram.com&_nc_ohc=fJchGI3y8hgAX976pKP&oh=73190dbb7933c9d70a6f166efc0781f9&oe=5FE59F8C,false,2020-11-25T08:01:04.600Z,https://www.instagram.com/p/CGXfXWTAD_g/
,https://www.instagram.com/nasrin__golshani,Ùˆ Ù‡Ø²Ø§Ø±Ø§Ù† Ø¯Ø±ÙŠØº Ùˆ Ø¯Ø±Ø¯ Ùˆ Ø§ÙØ³ÙˆØ³ Ø§Ø² Ø¬Ø§ÙŠ Ø®Ø§Ù„ÙŠ Ú†Ù†ÙŠÙ† Ú¯ÙˆÙ‡Ø±Ù‡Ø§ÙŠÙŠ Ø¯Ø± Ø§ÙŠÙ† Ø§Ø¨ Ùˆ Ø®Ø§Ùƒ Ù‚Ø¯Ø± Ø²Ø± Ø²Ø±Ú¯Ø± Ø´Ù†Ø§Ø³Ø¯ Ù‚Ø¯Ø± Ú¯ÙˆÙ‡Ø± Ú¯ÙˆÙ‡Ø±ÙŠâ˜¹ï¸â˜¹ï¸â˜¹ï¸â˜¹ï¸ğŸª,6,0,nasrin__golshani,2020-10-15T16:11:59.000Z,17887257253742482,8149122525,https://scontent-lga3-2.cdninstagram.com/v/t51.2885-19/s150x150/81963779_2536121940010921_5240099987928383488_n.jpg?_nc_ht=scontent-lga3-2.cdninstagram.com&_nc_ohc=2gkC8Vv7TPkAX8YOVxr&tp=1&oh=f16c3e0ed9d5213ac60c581c7f6cf3db&oe=5FE91417,false,2020-11-25T08:01:04.600Z,https://www.instagram.com/p/CGXfXWTAD_g/
,https://www.instagram.com/m.aryyyya.m,Ø§Ø³Ù„Ø§ÛŒØ¯ Ø³ÙˆÙ… Ú†Ù‚Ø¯Ø± Ù‚Ø´Ù†Ú¯Ù‡ ...Ø§Ø´Ú© Ø´ÙˆÙ‚ Ø¨Ø±Ø§ÛŒ Ù…ÙˆÙÙ‚ÛŒØª ØªÙˆ Ú©Ø§Ø±ÛŒ Ú© Ø¹Ø§Ø´Ù‚ÛŒâ¤,2,0,m.aryyyya.m,2020-10-15T15:36:47.000Z,17861342018140874,1468833802,https://scontent-lga3-2.cdninstagram.com/v/t51.2885-19/s150x150/120736332_771353327047131_4665754443974004819_n.jpg?_nc_ht=scontent-lga3-2.cdninstagram.com&_nc_ohc=mIHTtwYIc1IAX9oL1Ca&tp=1&oh=7db3b049d8696052bfef0c3105b59db4&oe=5FE658D4,false,2020-11-25T08:01:04.600Z,https://www.instagram.com/p/CGXfXWTAD_g/
,https://www.instagram.com/mahya_bahri,Ù¾ÛŒØ¬ Ø´Ùˆ Ø¯Ø§Ø±ÛŒÙ†ØŸØŸ,0,0,mahya_bahri,2020-10-15T14:17:46.000Z,17927461582441566,8615958425,https://scontent-lga3-2.cdninstagram.com/v/t51.2885-19/s150x150/124096397_1789222134559215_5051940990572844197_n.jpg?_nc_ht=scontent-lga3-2.cdninstagram.com&_nc_ohc=aggv_fd8gAkAX_yKWjx&tp=1&oh=0dc5ff39ba56fc42d6bd0103e0f471be&oe=5FE6E0CB,false,2020-11-25T08:01:04.600Z,https://www.instagram.com/p/CGXfXWTAD_g/
,https://www.instagram.com/mahsa.rajabi1124,ğŸ‘ğŸ‘ğŸ‘ğŸ‘ğŸ‘,1,0,mahsa.rajabi1124,2020-10-15T14:47:03.000Z,17854012547285713,16273619556,https://scontent-lga3-2.cdninstagram.com/v/t51.2885-19/s150x150/125082609_900400193828084_8056818592492933043_n.jpg?_nc_ht=scontent-lga3-2.cdninstagram.com&_nc_ohc=2opAlYmdOuIAX8eXqQO&tp=1&oh=7d9a82083661bfff7afe8344fb174bb0&oe=5FE77293,false,2020-11-25T08:01:04.600Z,https://www.instagram.com/p/CGXfXWTAD_g/
,https://www.instagram.com/sasa.persian.km,Ø¨Ø§Ø¹Ø« Ø§ÙØªØ®Ø§Ø±,1,0,sasa.persian.km,2020-10-15T16:32:52.000Z,18032366644281470,647588306,https://scontent-lga3-2.cdninstagram.com/v/t51.2885-19/s150x150/125410568_1022012794933441_4347069729023306389_n.jpg?_nc_ht=scontent-lga3-2.cdninstagram.com&_nc_ohc=lLk0bP36Ll8AX9NS8o7&tp=1&oh=b95e7196dfdf0707bf0c8e94ce096d78&oe=5FE7C6DE,false,2020-11-25T08:01:04.600Z,https://www.instagram.com/p/CGXfXWTAD_g/
,https://www.instagram.com/mojde.kvi,ÙÙ‚Ø· Ø§ÙØ³ÙˆÙˆÙˆØ³ Ùˆ ØµØ¯ Ø§ÙØ³ÙˆØ³ Ú©Ù‡ ØªÙ…Ø§Ù… Ø²Ù†Ø§Ù† Ùˆ Ù…Ø±Ø¯Ø§Ù†Ù Ø§ÛŒÙ† Ú†Ù†ÛŒÙ† Ù…ÙˆÙÙ‚Ù Ù‡Ù…ÙˆØ·Ù† Ø±ÙˆØŒ Ø¨Ø§ÛŒØ¯ Ø§ÙˆÙ†ÙˆØ±Ù Ù…Ø±Ø²Ù‡Ø§ Ø¨Ø¨ÛŒÙ†ÛŒÙ… ...,4,0,mojde.kvi,2020-10-15T14:25:31.000Z,17882047897839093,3301575293,https://scontent-lga3-2.cdninstagram.com/v/t51.2885-19/s150x150/117990397_1142409129476795_8920475785388490070_n.jpg?_nc_ht=scontent-lga3-2.cdninstagram.com&_nc_ohc=K--uj4oLlMIAX-HtNpT&tp=1&oh=9fa8fcd8ce6e47080ff27a1f32aab957&oe=5FE7F5DE,false,2020-11-25T08:01:04.600Z,https://www.instagram.com/p/CGXfXWTAD_g/
,https://www.instagram.com/mizaroos,Ù…ÙˆÙ‡Ø§Ú© Ú¯Ø§ÛŒğŸš€ğŸš€ğŸ‘,1,0,mizaroos,2020-10-15T14:25:19.000Z,17899992376596189,38444423935,https://scontent-lga3-2.cdninstagram.com/v/t51.2885-19/s150x150/123539256_392677451764661_3056364326409411570_n.jpg?_nc_ht=scontent-lga3-2.cdninstagram.com&_nc_ohc=GXVHYGC-zPcAX-h0wU5&tp=1&oh=9d766b59d84806cf4e61338494e9b74a&oe=5FE95270,false,2020-11-25T08:01:04.600Z,https://www.instagram.com/p/CGXfXWTAD_g/
,https://www.instagram.com/independanat_ladies,Ø¯Ù†ÛŒØ§ Ø¯Ø§Ø±Ù‡ Ø¨Ù‡ Ú©Ø¬Ø§ Ù…ÛŒØ±Ù‡ Ø§ÛŒÙ† Ø§Ø¯Ù… Ø­Ø³Ø§Ø¨ÛŒ Ù‡Ø§ Ú©Ù‡ Ø¨Ø§ ØªÙ…Ø§Ù… ÙˆØ¬ÙˆØ¯ Ø²Ø­Ù…Øª Ú©Ø´ÛŒØ¯Ù† ÙˆØ§Ø³Ù‡ Ø¨Ø¯Ø³Øª Ø§ÙˆØ±Ø¯Ù† Ø¬Ø§ÛŒÛŒ Ú©Ù‡ Ù‡Ø³ØªÙ† Ùˆ ÙˆØ§Ù‚Ø¹Ø§ Ù‚Ø§Ø¨Ù„ Ø³ØªØ§ÛŒØ´ Ù‡Ø³ØªÙ†Ø¯ Ø§ÛŒÙ†Ø³ØªØ§ Ù†Ø¯Ø§Ø±Ù† ÛŒØ§ Ø§Ú¯Ù‡ Ù‡Ù… Ø¯Ø§Ø±Ù† Ø®Ù„ÙˆØªÙ‡ Ø¨Ø¹Ø¯ Ø§ÙˆÙ† Ù…ÙˆÙ‚Ø¹ Ø§ÛŒÙ†ÙÙ„ÙˆÛŒÙ†Ø³Ø±Ù‡Ø§ÛŒÛŒ Ú©Ù‡ ØªØ®ØµØµ Ù†Ø¯Ø§Ø±Ù† Ùˆ Ú©Ù„Ø§ Ú†ÛŒØ²ÛŒ Ø¨Ø±Ø§ÛŒ Ú¯ÙØªÙ† Ø¬Ø² Ù…ØµØ±Ù Ú¯Ø±Ø§ÛŒÛŒ Ù†Ø¯Ø§Ø±Ù† Ø§ÛŒÙ† Ù‡Ù…Ù‡ Ù…Ø¹Ø±ÙˆÙ Ù…ÛŒØ´Ù†ğŸ¤·â€â™€ï¸ğŸ¥º,1,0,independanat_ladies,2020-10-15T19:01:30.000Z,17915755216486433,13319045679,https://scontent-lga3-2.cdninstagram.com/v/t51.2885-19/s150x150/98731637_726753808070710_5769674562241298432_n.jpg?_nc_ht=scontent-lga3-2.cdninstagram.com&_nc_ohc=Q37Gg25i0cwAX_bAZx2&tp=1&oh=992b1facca81e189b80802cd2843a9f4&oe=5FE6E963,false,2020-11-25T08:01:04.600Z,https://www.instagram.com/p/CGXfXWTAD_g/
,https://www.instagram.com/ipayam1,Ø§ÙØªØ®Ø§Ø± Ø§ÛŒØ±Ø§Ù†Ù† Ø§ÛŒÙ†Ø·ÙˆØ± Ø§ÙØ±Ø§Ø¯ Ø§ÛŒ Ú©Ø§Ø´ Ù…ÛŒØªÙˆÙ†Ø³ØªÙ† ØªÙˆ Ø§ÛŒØ±Ø§Ù† Ú©Ø§Ø± Ú©Ù†Ù† Ø§ÛŒÙ† Ù¾Ø±ÙˆÚ˜Ù‡ Ù‡Ø§ÛŒ Ø¹Ø¸ÛŒÙ… Ø±Ùˆ Ø§Ù†Ø¬Ø§Ù… Ø¨Ø¯Ù†ğŸ‘,1,0,ipayam1,2020-10-15T14:20:23.000Z,18168631150012400,3674457472,https://scontent-lga3-2.cdninstagram.com/v/t51.2885-19/s150x150/118970927_630028950869904_1641698704815716220_n.jpg?_nc_ht=scontent-lga3-2.cdninstagram.com&_nc_ohc=bEG0_Bed4tgAX9zt3ft&tp=1&oh=2e6e73c12eaebd484b17fb277db0e665&oe=5FE98FE6,false,2020-11-25T08:01:04.600Z,https://www.instagram.com/p/CGXfXWTAD_g/
,https://www.instagram.com/artemis_r_67,Ú©Ø§Ø´ Ù…Ù…Ù„Ú©ØªÙ…ÙˆÙ† Ø¯Ø±Ø³Øª Ø­Ø³Ø§Ø¨ÛŒ Ø¨ÙˆØ¯ ØªÙ…Ø§Ù… Ø§ÛŒÙ† Ø¢Ø¯Ù… Ø­Ø³Ø§Ø¨ÛŒ Ù‡Ø§ Ø§ÛŒØ±Ø§Ù† Ø¨ÙˆØ¯Ù† Ù†Ù‡ Ù…Ø«Ù„ Ø§Ù„Ø§Ù† Ú©Ù‡ Ø´ØºØ§Ù„ Ø²ÛŒØ§Ø¯ Ø´Ø¯Ù† Ù‡Ù… Ø§ÙØªØ®Ø§Ø±Ù† Ø§ÛŒÙ† Ø¢Ø¯Ù… Ø­Ø³Ø§Ø¨ÛŒ Ù‡Ø§ Ù‡Ù… Ù†Ø§Ø±Ø§Ø­ØªÙ… ÙˆÙ‚ØªÛŒ Ù…ÛŒØ¨ÛŒÙ†Ù… Ù†ÛŒØ³ØªÙ† Ø§ÛŒÙ† Ù‡Ø§Ù†  Ú©Ù‡.......Ú¯.Ú¯Ú¯ğŸ™ğŸ˜¢,1,0,artemis_r_67,2020-10-15T14:15:05.000Z,18164873125031836,2357724719,https://scontent-lga3-2.cdninstagram.com/v/t51.2885-19/s150x150/67943135_2377405902306554_2755963922660982784_n.jpg?_nc_ht=scontent-lga3-2.cdninstagram.com&_nc_ohc=Rt-VOCP-otMAX9DbJQ4&tp=1&oh=335a060d9d82f9f011ebbfabb9d64e9d&oe=5FE845BB,false,2020-11-25T08:01:04.600Z,https://www.instagram.com/p/CGXfXWTAD_g/
,https://www.instagram.com/z.karami1983,ğŸ‘ğŸ‘ŒØ´Ø§ÛŒØ¯ Ø§ÛŒÙ†Ø¨Ø§Ø± Ø¯Ù†ÛŒØ§ Ø¨Ø®Ø§Ø·Ø± Ø¯Ø§Ù†Ø´Ù…Ù†Ø¯Ø§Ù† Ùˆ Ù†Ø®Ø¨Ù‡â€ŒÙ‡Ø§Ù…ÙˆÙ† ØªÙˆØ¬Ù‡â€ŒØ§Ø´ Ø¨Ù‡ Ù…Ø§ Ø¬Ù„Ø¨ Ø´ÙˆØ¯ Ùˆ Ø¢ØºÙˆØ´Ø´ Ø±Ø§ Ø¨Ø§Ø² Ú©Ù†Ø¯ØŒÙØ¹Ù„Ø§ Ú©Ù‡ Ø¨Ø®Ø§Ø·Ø± Ø§Ø®ÙˆÙ†Ø¯Ù‡Ø§ ØªØ§ Ù…ÛŒÙÙ‡Ù…Ù† Ø§ÛŒØ±Ø§Ù†ÛŒ Ù‡Ø³ØªÛŒÙ… Ù¾Ø´Øª Ù…ÛŒÚ©Ù†Ù†,2,0,z.karami1983,2020-10-15T14:52:39.000Z,17877641017877090,39615962008,https://scontent-lga3-2.cdninstagram.com/v/t51.2885-19/s150x150/126092372_837000097055387_3237501768013759445_n.jpg?_nc_ht=scontent-lga3-2.cdninstagram.com&_nc_ohc=3bbk1y3yAIAAX_B7xwI&tp=1&oh=ea09d9ed2dbfb9dd8c59687ee39e382c&oe=5FE75E09,false,2020-11-25T08:01:04.600Z,https://www.instagram.com/p/CGXfXWTAD_g/
,https://www.instagram.com/parissaan,His hair shows how creative he is! Ù…ÙˆÙ‡Ø§Ø´ Ù†Ø´ÙˆÙ† Ù…ÛŒ Ø¯Ù‡ Ú†Ù‚Ø¯Ø± Ø®Ù„Ø§Ù‚! So proud of him â¤ï¸ÙˆØ§Ù‚Ø¹Ø§ Ø¨Ø§Ø¹Ø« Ø§ÙØªØ®Ø§Ø±Ù†,0,0,parissaan,2020-10-15T18:06:05.000Z,17896958266604591,290081587,https://scontent-lga3-2.cdninstagram.com/v/t51.2885-19/s150x150/115712464_759513391528160_1835175622573846801_n.jpg?_nc_ht=scontent-lga3-2.cdninstagram.com&_nc_ohc=358hqwHtIwwAX9Ysb5n&tp=1&oh=084ec295626dc1693ff78767707c5f15&oe=5FE8369F,false,2020-11-25T08:01:04.600Z,https://www.instagram.com/p/CGXfXWTAD_g/
,https://www.instagram.com/mary.amkh,ğŸ‘ŒğŸ‘Œ,0,0,mary.amkh,2020-10-15T14:45:03.000Z,18056536012252020,7015254772,https://scontent-lga3-2.cdninstagram.com/v/t51.2885-19/s150x150/120540157_185579076358168_3467882899082025618_n.jpg?_nc_ht=scontent-lga3-2.cdninstagram.com&_nc_ohc=7eO1ZRnt1HQAX-kjfDI&tp=1&oh=b055f51433cfbea5f63b443cd9a75e94&oe=5FE7B8AB,false,2020-11-25T08:01:04.600Z,https://www.instagram.com/p/CGXfXWTAD_g/
,https://www.instagram.com/saeed.la.a,Ø¹Ø§Ù„ÛŒ Ù‡Ø³ØªÙ† ğŸ˜ğŸ‘ŒğŸ»,0,0,saeed.la.a,2020-10-15T14:17:58.000Z,18053311090261409,980656877,https://scontent-lga3-2.cdninstagram.com/v/t51.2885-19/s150x150/120453525_3373607696050687_4132658019783424207_n.jpg?_nc_ht=scontent-lga3-2.cdninstagram.com&_nc_ohc=b-VCEWhhU48AX8S2cjY&tp=1&oh=8916ac315825e1c90a7769199d2d3e23&oe=5FE7CA51,false,2020-11-25T08:01:04.600Z,https://www.instagram.com/p/CGXfXWTAD_g/
,https://www.instagram.com/rezvan.motie,Ø²Ù†Ø¯Ù‡ Ø¨Ø§Ø¯,0,0,rezvan.motie,2020-10-15T16:56:30.000Z,17869445153039561,2298957251,https://scontent-lga3-2.cdninstagram.com/v/t51.2885-19/s150x150/69085932_359132554988971_8425883411276627968_n.jpg?_nc_ht=scontent-lga3-2.cdninstagram.com&_nc_ohc=pLVSAgyN4G4AX938znc&tp=1&oh=37e7a7bb6e47721710ccbb1d2c3d5fe0&oe=5FE6CD2E,false,2020-11-25T08:01:04.600Z,https://www.instagram.com/p/CGXfXWTAD_g/
,https://www.instagram.com/esimaeiljamshidi,â¤ï¸â¤ï¸â¤ï¸â¤ï¸â¤ï¸â¤ï¸,0,0,esimaeiljamshidi,2020-10-15T14:25:07.000Z,17944706539387484,5737774595,https://scontent-lga3-2.cdninstagram.com/v/t51.2885-19/s150x150/85257434_2542656122642729_3364962780263219200_n.jpg?_nc_ht=scontent-lga3-2.cdninstagram.com&_nc_ohc=780gcQ8LyVsAX-m088u&tp=1&oh=6c309fc08204fb8bfa1f0c8d695e07d8&oe=5FE91B90,false,2020-11-25T08:01:04.600Z,https://www.instagram.com/p/CGXfXWTAD_g/
,https://www.instagram.com/zizi6466,Ù…ÙŠØ´Ù‡ Ø§ÙŠÙ†Ø³ØªØ§ Ø´ÙˆÙ† Ù‡Ù… ØªÚ¯ ÙƒÙ†ÙŠÙ† Ø§ÙŠÙ† Ø¢Ø¯Ù… Ø­Ø³Ø§Ø¨ÙŠ Ù‡Ø§ Ø±Ùˆ ÙƒÙ‡ ÙƒÙ…ØªØ±ÙŠÙ† ÙƒØ§Ø±ÙŠ ÙƒÙ‡ Ù…ÙŠÙƒÙ†ÙŠÙ… ÙØ§Ù„Ùˆ Ø´ÙˆÙ† ÙƒÙ†ÙŠÙ… Ø­Ø¯Ø§Ø§Ù‚Ù„,4,1,zizi6466,2020-10-15T15:52:07.000Z,17847548828377249,818772234,https://scontent-lga3-2.cdninstagram.com/v/t51.2885-19/11094457_913479288716578_1558855285_a.jpg?_nc_ht=scontent-lga3-2.cdninstagram.com&_nc_ohc=JqsMROgWEg8AX9bxcZ3&oh=75304aada8c45bfcb786cce659ebd925&oe=5FE6CB5C,false,2020-11-25T08:01:05.233Z,https://www.instagram.com/p/CGXfXWTAD_g/
,https://www.instagram.com/adam_hesabiha_official,@zizi6466 Ù‡Ù… Ø²ÙŠØ± Ù¾ÙØ³Øª Ù‡Ù… Ø±ÙˆÙ‰ Ø¹ÙƒØ³Ø´ÙˆÙ† ØªÚ¯ Ø´Ø¯Ù‡!,2,,adam_hesabiha_official,2020-10-15T15:53:13.000Z,17918739781474909,38954565481,https://scontent-lga3-2.cdninstagram.com/v/t51.2885-19/s150x150/107415140_3711255568891007_5884311285054637209_n.jpg?_nc_ht=scontent-lga3-2.cdninstagram.com&_nc_ohc=53mCQ9nlhx0AX9MAtz1&tp=1&oh=e6161bcdd39a4fd6d03d444ec4da3c84&oe=5FE89F60,true,2020-11-25T08:01:05.233Z,https://www.instagram.com/p/CGXfXWTAD_g/
,https://www.instagram.com/nazilaa.abedini,Ø§ÛŒÙ†Ø¬Ø§ Ø¨ÙˆØ¯ Ø¨Ù‡ Ø®Ø§Ø·Ø± Ù…Ø¯Ù„ Ù…ÙˆÙ‡Ø§Ø´ Ø§Ø² ØªØ­Ù‚ÛŒÙ‚Ø§Øª Ù…Ø²Ø®Ø±Ù Ø¯Ø§Ù†Ø´Ú¯Ø§Ù‡ Ø±Ø¯ Ù…ÛŒØ´Ø¯  Ø§Ù†Ø´Ø§Ù„Ù„Ù‡ Ø¨ÛŒØ´ Ø§Ø² Ù¾ÛŒØ´ Ø¨Ø± ÙØ±Ø§Ø² Ø¨Ø§Ø´Ù† ğŸŒº,35,0,nazilaa.abedini,2020-10-15T14:35:59.000Z,17884002589749240,1527568305,https://scontent-lga3-2.cdninstagram.com/v/t51.2885-19/s150x150/22278163_143086229765183_1495272059280818176_n.jpg?_nc_ht=scontent-lga3-2.cdninstagram.com&_nc_ohc=QNoCFuFFVSsAX8T-SpG&tp=1&oh=68d05a909445384a6b040a818f01b5c3&oe=5FE82E31,false,2020-11-25T08:01:05.233Z,https://www.instagram.com/p/CGXfXWTAD_g/
,https://www.instagram.com/fazel.roostaei,Ø§Ú¯Ù‡ ØªÙˆ Ø§ÛŒØ±Ø§Ù† Ù…ÙˆÙ†Ø¯Ù‡ Ø¨ÙˆØ¯ Ø¨Ù‡ Ø®Ø§Ø·Ø± Ù…Ø¯Ù„ Ù…ÙˆÙ‡Ø§Ø´ Ø§Ø² Ø¯Ø§Ù†Ø´Ú¯Ø§Ù‡ Ø§Ø®Ø±Ø§Ø¬ Ø´Ø¯Ù‡ Ø¨ÙˆØ¯ Ùˆ Ø§Ù„Ø§Ù† Ø¯Ø§Ø´Øª ØªÙˆ Ø§Ø³Ù†Ù¾ Ú©Ø§Ø± Ù…ÛŒÚ©Ø±Ø¯,16,1,fazel.roostaei,2020-10-15T16:12:56.000Z,18074150935224335,1932130732,https://scontent-lga3-2.cdninstagram.com/v/t51.2885-19/s150x150/25011052_341760582966520_8109421562253279232_n.jpg?_nc_ht=scontent-lga3-2.cdninstagram.com&_nc_ohc=CyhuuL08GmUAX_oxFz6&tp=1&oh=223eae9a83ee154dca77b797bf2ea995&oe=5FE90FAB,false,2020-11-25T08:01:05.233Z,https://www.instagram.com/p/CGXfXWTAD_g/
,https://www.instagram.com/souli_official,@fazel.roostaei Ø¯Ù‚ÛŒÙ‚Ø§ Ø§ÛŒÙ† Ø§ØªÙØ§Ù‚ Ø¨Ø±Ø§ÛŒ Ù…Ù† Ø§ÙØªØ§Ø¯ğŸ˜†,0,,souli_official,2020-10-15T17:38:46.000Z,17890684603715882,16146995759,https://scontent-lga3-2.cdninstagram.com/v/t51.2885-19/s150x150/87232135_1008526639531933_7459206222793670656_n.jpg?_nc_ht=scontent-lga3-2.cdninstagram.com&_nc_ohc=rQ0P0ClgnvEAX8tv418&tp=1&oh=c2c044dafeeb58910960cfc6f74602dd&oe=5FE8E56B,true,2020-11-25T08:01:05.233Z,https://www.instagram.com/p/CGXfXWTAD_g/
,https://www.instagram.com/zari.jam1988,ÙÙ‚Ø· Ø§Ø´Ú© ØªÙˆ Ú†Ø´Ù…Ø§Ø´. Ø­Ø³ ØºØ±ÙˆØ±Ø´. Ø­Ø³ Ù…ÙˆÙÙ‚ÛŒØªØ´. Ø§ÛŒØ´Ø§Ù„Ù„Ù‡ Ù‡Ù…ÛŒØ´Ù‡ Ø³Ø±Ø¨Ù„Ù†Ø¯ Ø¨Ø§Ø´Ù† Ùˆ Ø¨Ø§Ø¹Ø« Ø§ÙØªØ®Ø§Ø± Ù…Ø§ ğŸ’ğŸ’ğŸ’,11,0,zari.jam1988,2020-10-15T15:56:37.000Z,17889897928693049,1737628027,https://scontent-lga3-2.cdninstagram.com/v/t51.2885-19/s150x150/125545434_288535692483239_2310572120621244037_n.jpg?_nc_ht=scontent-lga3-2.cdninstagram.com&_nc_ohc=PKG3AV3B5jYAX9fnkRf&tp=1&oh=750f496a7ce4ac22b43af25953a3f4e0&oe=5FE7768E,false,2020-11-25T08:01:05.233Z,https://www.instagram.com/p/CGXfXWTAD_g/
,https://www.instagram.com/alizadeh.homeyra,Ù„Ø°ØªØ¨Ø®Ø´Ù‡ Ø¯ÛŒØ¯Ù† Ù…ÙˆÙÙ‚ÛŒØª Ù‡Ù…ÙˆØ·Ù†Ø§Ù…ÙˆÙ†,8,0,alizadeh.homeyra,2020-10-15T14:22:43.000Z,17845318967421846,7393914662,https://scontent-lga3-2.cdninstagram.com/v/t51.2885-19/s150x150/121054981_918334932025866_3903459716540627117_n.jpg?_nc_ht=scontent-lga3-2.cdninstagram.com&_nc_ohc=7wzyq57dI70AX-pDCk7&tp=1&oh=f65bf54b76e7878d5fcaf56c99aed193&oe=5FE60C8C,false,2020-11-25T08:01:05.233Z,https://www.instagram.com/p/CGXfXWTAD_g/
,https://www.instagram.com/aliz_naz,Ø®ÛŒÙ„ÛŒ Ø¢Ù‚Ø§ Ùˆ Ø¯ÙˆØ³Øª Ø¯Ø§Ø´ØªÙ†ÛŒÙ‡ â¤ï¸ğŸ˜,3,9,aliz_naz,2020-10-15T14:12:35.000Z,17900126995594963,5938758371,https://scontent-lga3-2.cdninstagram.com/v/t51.2885-19/s150x150/126903611_922260431914564_2746314871052679144_n.jpg?_nc_ht=scontent-lga3-2.cdninstagram.com&_nc_ohc=utI_Xq9cHZkAX8FTgyF&tp=1&oh=6907a83bc955e422158bfbabf6ebe076&oe=5FE66000,false,2020-11-25T08:01:05.233Z,https://www.instagram.com/p/CGXfXWTAD_g/
,https://www.instagram.com/aliz_naz,@sweetgirlo_mine Ø´ÙˆØ®ÛŒ Ú©Ø±Ø¯Ù… ğŸ˜‰ ÙˆÙ„ÛŒ Ø§ÛŒÙ†Ú©Ù‡ Ø´Ù…Ø§ Ù†Ù…ÛŒØ´Ù†Ø§Ø³ÛŒÙ† Ú©Ø³ÛŒ Ùˆ Ø¯Ù„ÛŒÙ„ Ù†Ù…ÛŒØ´Ù‡ ÛŒÚ©ÛŒ Ø¯ÛŒÚ¯Ù‡ Ù‡Ù… Ù†Ø´Ù†Ø§Ø³Ù‡,1,,aliz_naz,2020-10-15T19:55:40.000Z,17899019260605608,5938758371,https://scontent-lga3-2.cdninstagram.com/v/t51.2885-19/s150x150/126903611_922260431914564_2746314871052679144_n.jpg?_nc_ht=scontent-lga3-2.cdninstagram.com&_nc_ohc=utI_Xq9cHZkAX8FTgyF&tp=1&oh=6907a83bc955e422158bfbabf6ebe076&oe=5FE66000,true,2020-11-25T08:01:05.233Z,https://www.instagram.com/p/CGXfXWTAD_g/
,https://www.instagram.com/sweetgirlo_mine,@aliz_naz Ø¨Ø§Ø¨Ú© Ù¾Ø³Ø±Ø¯Ø§ÛŒÛŒ Ù…Ø§Ø¯Ø±Ù…Ù‡ ğŸ˜‚,0,,sweetgirlo_mine,2020-10-16T06:03:11.000Z,18013456183295698,1595695295,https://scontent-lga3-2.cdninstagram.com/v/t51.2885-19/s150x150/118787707_777252809688230_4093955270414233135_n.jpg?_nc_ht=scontent-lga3-2.cdninstagram.com&_nc_ohc=xX8p9GpGW58AX-PtrP2&tp=1&oh=c1c7145566c0709499c37feb91f94ea2&oe=5FE6FFE3,true,2020-11-25T08:01:05.233Z,https://www.instagram.com/p/CGXfXWTAD_g/
,https://www.instagram.com/aliz_naz,@sweetgirlo_mine Ú†Ù‚Ø¯Ø± Ù†Ø²Ø¯ÛŒÚ© ğŸ˜,0,,aliz_naz,2020-10-16T06:19:30.000Z,17842879373449522,5938758371,https://scontent-lga3-2.cdninstagram.com/v/t51.2885-19/s150x150/126903611_922260431914564_2746314871052679144_n.jpg?_nc_ht=scontent-lga3-2.cdninstagram.com&_nc_ohc=utI_Xq9cHZkAX8FTgyF&tp=1&oh=6907a83bc955e422158bfbabf6ebe076&oe=5FE66000,true,2020-11-25T08:01:05.233Z,https://www.instagram.com/p/CGXfXWTAD_g/
,https://www.instagram.com/silk.peimaneh.j,Ø§ÛŒÚ©Ø§Ø´ Ù‡Ù…Ù‡ ÛŒ  Ø§ÛŒÙ† Ø¬ÙˆÙˆÙ†Ø§ Ø¨Ø±Ø§ÛŒ ÙˆØ·Ù† Ø®Ø¯Ù…Øª Ù…ÛŒÚ©Ø±Ø¯Ù† Ùˆ Ø¨Ù‡Ø´ÙˆÙ† Ø¨Ù‡Ø§ Ø¯Ø§Ø¯Ù‡ Ù…ÛŒØ´Ø¯ ğŸ™,7,0,silk.peimaneh.j,2020-10-15T14:53:57.000Z,18079926559218219,3667906385,https://scontent-lga3-2.cdninstagram.com/v/t51.2885-19/s150x150/83927475_1057131344640177_3716459691132321792_n.jpg?_nc_ht=scontent-lga3-2.cdninstagram.com&_nc_ohc=yP-XRROur_EAX9Qcsmw&tp=1&oh=cd80af19e33e915bc4295b6f62a7acf9&oe=5FE5CCCE,false,2020-11-25T08:01:05.233Z,https://www.instagram.com/p/CGXfXWTAD_g/
,https://www.instagram.com/arvin.safari,Ø®ÙˆØ´ Ø¨Ø­Ø§Ù„ Ø§ÙˆÙ† Ù…Ù…Ù„Ú©ØªÛŒ Ú©Ù‡ Ø¢Ø¯Ù… Ø­Ø³Ø§Ø¨ÛŒ Ù‡Ø§ÛŒÛŒ Ø§ÛŒÙ†Ú†Ù†ÛŒÙ† Ø¯Ø§Ø±Ù‡! Ø¢Ø¯Ù… Ø­Ø³Ø§Ø¨ÛŒ Ø¨ÙˆØ¯Ù† Ø§ÛŒØ´ÙˆÙ† Ù…Ø±Ø¨ÙˆØ· Ø¨Ù‡ Ù…Ù…Ù„Ú©Øª Ù…Ø§ Ù…ÛŒØ´Ù‡ Ø¢ÛŒØ§!!!ØŸ Ø§Ù„Ø§Ù† Ø§Ú¯Ù‡ Ú©Ø³ÛŒ ØªÙˆÛŒ Ù…Ù…Ù„Ú©Øª Ù…Ø§ ÛŒÙ‡ Ú©ÛŒÙ Ù¾Ø± Ø§Ø² Ù¾ÙˆÙ„ (Ù…Ù†Ø¸ÙˆØ± Ú©ÛŒÙÛŒ Ù¾Ø± Ø§Ø² ØµØ¯ Ø¯Ù„Ø§Ø±ÛŒ Ù‡Ø³Øª Ù†Ù‡ Ø±ÛŒØ§Ù„) Ù¾ÛŒØ¯Ø§ Ú©Ù†Ù‡ Ùˆ Ø§ÙˆÙ†Ùˆ Ø¨Ù‡ ØµØ§Ø­Ø¨Ø´ Ø¨Ø±Ø³ÙˆÙ†Ù‡ØŒ ÛŒØ§ Ù…Ø«Ù„Ø§ Ø¨Ù‡ Ø­ÛŒÙˆØ§Ù†Ø§ØªÛŒ Ú©Ù‡ Ø¯Ø± Ú¯Ù†Ø¯ Ú©Ø§Ø±ÛŒ Ù‡Ø§ÛŒ Ø§Ù†Ø³Ø§Ù†ÛŒ! Ù…Ø§ Ú¯ÛŒØ± Ø§ÙØªØ§Ø¯Ù† Ú©Ù…Ú© Ú©Ù†Ù‡ØŒ Ù…ÛŒØ´Ù‡ Ø¢Ø¯Ù… Ø­Ø³Ø§Ø¨ÛŒ Ùˆ Ø¨Ø±Ø§ÛŒ Ù‡Ù…Ù‡ ÛŒ Ù…Ø§ Ù‚Ø§Ø¨Ù„ ØªØ­Ø³ÛŒÙ† Ùˆ Ø§Ø­ØªØ±Ø§Ù…ØŒ ÙˆÙ„ÛŒ ØºØ§ÙÙ„ Ø§Ø² Ø§ÛŒÙ†Ú©Ù‡ Ø§ÛŒÙ† Ú©Ø§Ø±Ù‡Ø§ Ù‡Ø± Ø¬Ø§ÛŒ Ø¯Ù†ÛŒØ§ Ø±ÙØªØ§Ø± Ù¾ÛŒØ´ÙØ±Ø¶ Ø¢Ø¯Ù… Ø¨Ø§ÛŒØ¯ Ø¨Ø§Ø´Ù‡. Ø®ÙˆØ´Ø¨Ø­Ø§Ù„Øª Ø¢Ù‚Ø§ÛŒ ÙØ±Ø¯ÙˆØ³ÛŒ Ú©Ù‡ ØªÙˆÙ†Ø³ØªÛŒ Ø§ÙˆÙ†ÛŒ Ú©Ù‡ Ù…ÛŒØ®ÙˆØ§Ø³ØªÛŒ Ø¨Ø§Ø´ÛŒØŒ Ø¨Ø´ÛŒ Ùˆ Ø®ÙˆØ´Ø¨Ø­Ø§Ù„ Ø§ÙˆÙ† Ù…Ù…Ù„Ú©ØªÛŒ Ú©Ù‡ ØªÙˆ Ùˆ Ø§Ù…Ø«Ø§Ù„ ØªÙˆ Ø¯Ø§Ø±ÛŒØ¯ Ø±ÙˆØ² Ø¨Ù‡ Ø±ÙˆØ² Ø¨Ø±Ø§ÛŒ Ù¾ÛŒØ´Ø±ÙØªØ´ Ú©Ø§Ø± Ù…ÛŒÚ©Ù†ÛŒØ¯. Ù…Ø§ Ù‡Ù… Ø§ÛŒÙ†Ø¬Ø§ ØªÙˆÛŒ Ø·Ø¨Ù‚Ù‡ Ù¾Ø§ÛŒÛŒÙ† Ù‡ÙØ±ÙÙ… (Ø­ÙØ±ÙÙ…) Ù…Ø§Ø²Ù„Ùˆ Ù…Ø´ØºÙˆÙ„ Ø·ÙˆØ§ÙÛŒÙ…. Ø§ÛŒ ØªÙÙˆ Ø¨Ø± ØªÙˆ Ø§ÛŒ Ú†Ø±Ø® Ú¯Ø±Ø¯ÙˆÙ† ØªÙÙˆ.,3,0,arvin.safari,2020-10-15T15:15:37.000Z,17881938493805332,1456830324,https://scontent-lga3-2.cdninstagram.com/v/t51.2885-19/10607969_325818304262095_1001660105_a.jpg?_nc_ht=scontent-lga3-2.cdninstagram.com&_nc_ohc=fJchGI3y8hgAX976pKP&oh=73190dbb7933c9d70a6f166efc0781f9&oe=5FE59F8C,false,2020-11-25T08:01:05.233Z,https://www.instagram.com/p/CGXfXWTAD_g/
,https://www.instagram.com/nasrin__golshani,Ùˆ Ù‡Ø²Ø§Ø±Ø§Ù† Ø¯Ø±ÙŠØº Ùˆ Ø¯Ø±Ø¯ Ùˆ Ø§ÙØ³ÙˆØ³ Ø§Ø² Ø¬Ø§ÙŠ Ø®Ø§Ù„ÙŠ Ú†Ù†ÙŠÙ† Ú¯ÙˆÙ‡Ø±Ù‡Ø§ÙŠÙŠ Ø¯Ø± Ø§ÙŠÙ† Ø§Ø¨ Ùˆ Ø®Ø§Ùƒ Ù‚Ø¯Ø± Ø²Ø± Ø²Ø±Ú¯Ø± Ø´Ù†Ø§Ø³Ø¯ Ù‚Ø¯Ø± Ú¯ÙˆÙ‡Ø± Ú¯ÙˆÙ‡Ø±ÙŠâ˜¹ï¸â˜¹ï¸â˜¹ï¸â˜¹ï¸ğŸª,6,0,nasrin__golshani,2020-10-15T16:11:59.000Z,17887257253742482,8149122525,https://scontent-lga3-2.cdninstagram.com/v/t51.2885-19/s150x150/81963779_2536121940010921_5240099987928383488_n.jpg?_nc_ht=scontent-lga3-2.cdninstagram.com&_nc_ohc=2gkC8Vv7TPkAX8YOVxr&tp=1&oh=f16c3e0ed9d5213ac60c581c7f6cf3db&oe=5FE91417,false,2020-11-25T08:01:05.233Z,https://www.instagram.com/p/CGXfXWTAD_g/
,https://www.instagram.com/m.aryyyya.m,Ø§Ø³Ù„Ø§ÛŒØ¯ Ø³ÙˆÙ… Ú†Ù‚Ø¯Ø± Ù‚Ø´Ù†Ú¯Ù‡ ...Ø§Ø´Ú© Ø´ÙˆÙ‚ Ø¨Ø±Ø§ÛŒ Ù…ÙˆÙÙ‚ÛŒØª ØªÙˆ Ú©Ø§Ø±ÛŒ Ú© Ø¹Ø§Ø´Ù‚ÛŒâ¤,2,0,m.aryyyya.m,2020-10-15T15:36:47.000Z,17861342018140874,1468833802,https://scontent-lga3-2.cdninstagram.com/v/t51.2885-19/s150x150/120736332_771353327047131_4665754443974004819_n.jpg?_nc_ht=scontent-lga3-2.cdninstagram.com&_nc_ohc=mIHTtwYIc1IAX9oL1Ca&tp=1&oh=7db3b049d8696052bfef0c3105b59db4&oe=5FE658D4,false,2020-11-25T08:01:05.233Z,https://www.instagram.com/p/CGXfXWTAD_g/
,https://www.instagram.com/mahya_bahri,Ù¾ÛŒØ¬ Ø´Ùˆ Ø¯Ø§Ø±ÛŒÙ†ØŸØŸ,0,0,mahya_bahri,2020-10-15T14:17:46.000Z,17927461582441566,8615958425,https://scontent-lga3-2.cdninstagram.com/v/t51.2885-19/s150x150/124096397_1789222134559215_5051940990572844197_n.jpg?_nc_ht=scontent-lga3-2.cdninstagram.com&_nc_ohc=aggv_fd8gAkAX_yKWjx&tp=1&oh=0dc5ff39ba56fc42d6bd0103e0f471be&oe=5FE6E0CB,false,2020-11-25T08:01:05.233Z,https://www.instagram.com/p/CGXfXWTAD_g/
,https://www.instagram.com/mahsa.rajabi1124,ğŸ‘ğŸ‘ğŸ‘ğŸ‘ğŸ‘,1,0,mahsa.rajabi1124,2020-10-15T14:47:03.000Z,17854012547285713,16273619556,https://scontent-lga3-2.cdninstagram.com/v/t51.2885-19/s150x150/125082609_900400193828084_8056818592492933043_n.jpg?_nc_ht=scontent-lga3-2.cdninstagram.com&_nc_ohc=2opAlYmdOuIAX8eXqQO&tp=1&oh=7d9a82083661bfff7afe8344fb174bb0&oe=5FE77293,false,2020-11-25T08:01:05.233Z,https://www.instagram.com/p/CGXfXWTAD_g/
,https://www.instagram.com/sasa.persian.km,Ø¨Ø§Ø¹Ø« Ø§ÙØªØ®Ø§Ø±,1,0,sasa.persian.km,2020-10-15T16:32:52.000Z,18032366644281470,647588306,https://scontent-lga3-2.cdninstagram.com/v/t51.2885-19/s150x150/125410568_1022012794933441_4347069729023306389_n.jpg?_nc_ht=scontent-lga3-2.cdninstagram.com&_nc_ohc=lLk0bP36Ll8AX9NS8o7&tp=1&oh=b95e7196dfdf0707bf0c8e94ce096d78&oe=5FE7C6DE,false,2020-11-25T08:01:05.233Z,https://www.instagram.com/p/CGXfXWTAD_g/
,https://www.instagram.com/mojde.kvi,ÙÙ‚Ø· Ø§ÙØ³ÙˆÙˆÙˆØ³ Ùˆ ØµØ¯ Ø§ÙØ³ÙˆØ³ Ú©Ù‡ ØªÙ…Ø§Ù… Ø²Ù†Ø§Ù† Ùˆ Ù…Ø±Ø¯Ø§Ù†Ù Ø§ÛŒÙ† Ú†Ù†ÛŒÙ† Ù…ÙˆÙÙ‚Ù Ù‡Ù…ÙˆØ·Ù† Ø±ÙˆØŒ Ø¨Ø§ÛŒØ¯ Ø§ÙˆÙ†ÙˆØ±Ù Ù…Ø±Ø²Ù‡Ø§ Ø¨Ø¨ÛŒÙ†ÛŒÙ… ...,4,0,mojde.kvi,2020-10-15T14:25:31.000Z,17882047897839093,3301575293,https://scontent-lga3-2.cdninstagram.com/v/t51.2885-19/s150x150/117990397_1142409129476795_8920475785388490070_n.jpg?_nc_ht=scontent-lga3-2.cdninstagram.com&_nc_ohc=K--uj4oLlMIAX-HtNpT&tp=1&oh=9fa8fcd8ce6e47080ff27a1f32aab957&oe=5FE7F5DE,false,2020-11-25T08:01:05.233Z,https://www.instagram.com/p/CGXfXWTAD_g/
,https://www.instagram.com/mizaroos,Ù…ÙˆÙ‡Ø§Ú© Ú¯Ø§ÛŒğŸš€ğŸš€ğŸ‘,1,0,mizaroos,2020-10-15T14:25:19.000Z,17899992376596189,38444423935,https://scontent-lga3-2.cdninstagram.com/v/t51.2885-19/s150x150/123539256_392677451764661_3056364326409411570_n.jpg?_nc_ht=scontent-lga3-2.cdninstagram.com&_nc_ohc=GXVHYGC-zPcAX-h0wU5&tp=1&oh=9d766b59d84806cf4e61338494e9b74a&oe=5FE95270,false,2020-11-25T08:01:05.233Z,https://www.instagram.com/p/CGXfXWTAD_g/
,https://www.instagram.com/independanat_ladies,Ø¯Ù†ÛŒØ§ Ø¯Ø§Ø±Ù‡ Ø¨Ù‡ Ú©Ø¬Ø§ Ù…ÛŒØ±Ù‡ Ø§ÛŒÙ† Ø§Ø¯Ù… Ø­Ø³Ø§Ø¨ÛŒ Ù‡Ø§ Ú©Ù‡ Ø¨Ø§ ØªÙ…Ø§Ù… ÙˆØ¬ÙˆØ¯ Ø²Ø­Ù…Øª Ú©Ø´ÛŒØ¯Ù† ÙˆØ§Ø³Ù‡ Ø¨Ø¯Ø³Øª Ø§ÙˆØ±Ø¯Ù† Ø¬Ø§ÛŒÛŒ Ú©Ù‡ Ù‡Ø³ØªÙ† Ùˆ ÙˆØ§Ù‚Ø¹Ø§ Ù‚Ø§Ø¨Ù„ Ø³ØªØ§ÛŒØ´ Ù‡Ø³ØªÙ†Ø¯ Ø§ÛŒÙ†Ø³ØªØ§ Ù†Ø¯Ø§Ø±Ù† ÛŒØ§ Ø§Ú¯Ù‡ Ù‡Ù… Ø¯Ø§Ø±Ù† Ø®Ù„ÙˆØªÙ‡ Ø¨Ø¹Ø¯ Ø§ÙˆÙ† Ù…ÙˆÙ‚Ø¹ Ø§ÛŒÙ†ÙÙ„ÙˆÛŒÙ†Ø³Ø±Ù‡Ø§ÛŒÛŒ Ú©Ù‡ ØªØ®ØµØµ Ù†Ø¯Ø§Ø±Ù† Ùˆ Ú©Ù„Ø§ Ú†ÛŒØ²ÛŒ Ø¨Ø±Ø§ÛŒ Ú¯ÙØªÙ† Ø¬Ø² Ù…ØµØ±Ù Ú¯Ø±Ø§ÛŒÛŒ Ù†Ø¯Ø§Ø±Ù† Ø§ÛŒÙ† Ù‡Ù…Ù‡ Ù…Ø¹Ø±ÙˆÙ Ù…ÛŒØ´Ù†ğŸ¤·â€â™€ï¸ğŸ¥º,1,0,independanat_ladies,2020-10-15T19:01:30.000Z,17915755216486433,13319045679,https://scontent-lga3-2.cdninstagram.com/v/t51.2885-19/s150x150/98731637_726753808070710_5769674562241298432_n.jpg?_nc_ht=scontent-lga3-2.cdninstagram.com&_nc_ohc=Q37Gg25i0cwAX_bAZx2&tp=1&oh=992b1facca81e189b80802cd2843a9f4&oe=5FE6E963,false,2020-11-25T08:01:05.233Z,https://www.instagram.com/p/CGXfXWTAD_g/
,https://www.instagram.com/ipayam1,Ø§ÙØªØ®Ø§Ø± Ø§ÛŒØ±Ø§Ù†Ù† Ø§ÛŒÙ†Ø·ÙˆØ± Ø§ÙØ±Ø§Ø¯ Ø§ÛŒ Ú©Ø§Ø´ Ù…ÛŒØªÙˆÙ†Ø³ØªÙ† ØªÙˆ Ø§ÛŒØ±Ø§Ù† Ú©Ø§Ø± Ú©Ù†Ù† Ø§ÛŒÙ† Ù¾Ø±ÙˆÚ˜Ù‡ Ù‡Ø§ÛŒ Ø¹Ø¸ÛŒÙ… Ø±Ùˆ Ø§Ù†Ø¬Ø§Ù… Ø¨Ø¯Ù†ğŸ‘,1,0,ipayam1,2020-10-15T14:20:23.000Z,18168631150012400,3674457472,https://scontent-lga3-2.cdninstagram.com/v/t51.2885-19/s150x150/118970927_630028950869904_1641698704815716220_n.jpg?_nc_ht=scontent-lga3-2.cdninstagram.com&_nc_ohc=bEG0_Bed4tgAX9zt3ft&tp=1&oh=2e6e73c12eaebd484b17fb277db0e665&oe=5FE98FE6,false,2020-11-25T08:01:05.233Z,https://www.instagram.com/p/CGXfXWTAD_g/
,https://www.instagram.com/artemis_r_67,Ú©Ø§Ø´ Ù…Ù…Ù„Ú©ØªÙ…ÙˆÙ† Ø¯Ø±Ø³Øª Ø­Ø³Ø§Ø¨ÛŒ Ø¨ÙˆØ¯ ØªÙ…Ø§Ù… Ø§ÛŒÙ† Ø¢Ø¯Ù… Ø­Ø³Ø§Ø¨ÛŒ Ù‡Ø§ Ø§ÛŒØ±Ø§Ù† Ø¨ÙˆØ¯Ù† Ù†Ù‡ Ù…Ø«Ù„ Ø§Ù„Ø§Ù† Ú©Ù‡ Ø´ØºØ§Ù„ Ø²ÛŒØ§Ø¯ Ø´Ø¯Ù† Ù‡Ù… Ø§ÙØªØ®Ø§Ø±Ù† Ø§ÛŒÙ† Ø¢Ø¯Ù… Ø­Ø³Ø§Ø¨ÛŒ Ù‡Ø§ Ù‡Ù… Ù†Ø§Ø±Ø§Ø­ØªÙ… ÙˆÙ‚ØªÛŒ Ù…ÛŒØ¨ÛŒÙ†Ù… Ù†ÛŒØ³ØªÙ† Ø§ÛŒÙ† Ù‡Ø§Ù†  Ú©Ù‡.......Ú¯.Ú¯Ú¯ğŸ™ğŸ˜¢,1,0,artemis_r_67,2020-10-15T14:15:05.000Z,18164873125031836,2357724719,https://scontent-lga3-2.cdninstagram.com/v/t51.2885-19/s150x150/67943135_2377405902306554_2755963922660982784_n.jpg?_nc_ht=scontent-lga3-2.cdninstagram.com&_nc_ohc=Rt-VOCP-otMAX9DbJQ4&tp=1&oh=335a060d9d82f9f011ebbfabb9d64e9d&oe=5FE845BB,false,2020-11-25T08:01:05.233Z,https://www.instagram.com/p/CGXfXWTAD_g/
,https://www.instagram.com/z.karami1983,ğŸ‘ğŸ‘ŒØ´Ø§ÛŒØ¯ Ø§ÛŒÙ†Ø¨Ø§Ø± Ø¯Ù†ÛŒØ§ Ø¨Ø®Ø§Ø·Ø± Ø¯Ø§Ù†Ø´Ù…Ù†Ø¯Ø§Ù† Ùˆ Ù†Ø®Ø¨Ù‡â€ŒÙ‡Ø§Ù…ÙˆÙ† ØªÙˆØ¬Ù‡â€ŒØ§Ø´ Ø¨Ù‡ Ù…Ø§ Ø¬Ù„Ø¨ Ø´ÙˆØ¯ Ùˆ Ø¢ØºÙˆØ´Ø´ Ø±Ø§ Ø¨Ø§Ø² Ú©Ù†Ø¯ØŒÙØ¹Ù„Ø§ Ú©Ù‡ Ø¨Ø®Ø§Ø·Ø± Ø§Ø®ÙˆÙ†Ø¯Ù‡Ø§ ØªØ§ Ù…ÛŒÙÙ‡Ù…Ù† Ø§ÛŒØ±Ø§Ù†ÛŒ Ù‡Ø³ØªÛŒÙ… Ù¾Ø´Øª Ù…ÛŒÚ©Ù†Ù†,2,0,z.karami1983,2020-10-15T14:52:39.000Z,17877641017877090,39615962008,https://scontent-lga3-2.cdninstagram.com/v/t51.2885-19/s150x150/126092372_837000097055387_3237501768013759445_n.jpg?_nc_ht=scontent-lga3-2.cdninstagram.com&_nc_ohc=3bbk1y3yAIAAX_B7xwI&tp=1&oh=ea09d9ed2dbfb9dd8c59687ee39e382c&oe=5FE75E09,false,2020-11-25T08:01:05.233Z,https://www.instagram.com/p/CGXfXWTAD_g/
,https://www.instagram.com/parissaan,His hair shows how creative he is! Ù…ÙˆÙ‡Ø§Ø´ Ù†Ø´ÙˆÙ† Ù…ÛŒ Ø¯Ù‡ Ú†Ù‚Ø¯Ø± Ø®Ù„Ø§Ù‚! So proud of him â¤ï¸ÙˆØ§Ù‚Ø¹Ø§ Ø¨Ø§Ø¹Ø« Ø§ÙØªØ®Ø§Ø±Ù†,0,0,parissaan,2020-10-15T18:06:05.000Z,17896958266604591,290081587,https://scontent-lga3-2.cdninstagram.com/v/t51.2885-19/s150x150/115712464_759513391528160_1835175622573846801_n.jpg?_nc_ht=scontent-lga3-2.cdninstagram.com&_nc_ohc=358hqwHtIwwAX9Ysb5n&tp=1&oh=084ec295626dc1693ff78767707c5f15&oe=5FE8369F,false,2020-11-25T08:01:05.233Z,https://www.instagram.com/p/CGXfXWTAD_g/
,https://www.instagram.com/mary.amkh,ğŸ‘ŒğŸ‘Œ,0,0,mary.amkh,2020-10-15T14:45:03.000Z,18056536012252020,7015254772,https://scontent-lga3-2.cdninstagram.com/v/t51.2885-19/s150x150/120540157_185579076358168_3467882899082025618_n.jpg?_nc_ht=scontent-lga3-2.cdninstagram.com&_nc_ohc=7eO1ZRnt1HQAX-kjfDI&tp=1&oh=b055f51433cfbea5f63b443cd9a75e94&oe=5FE7B8AB,false,2020-11-25T08:01:05.233Z,https://www.instagram.com/p/CGXfXWTAD_g/
,https://www.instagram.com/saeed.la.a,Ø¹Ø§Ù„ÛŒ Ù‡Ø³ØªÙ† ğŸ˜ğŸ‘ŒğŸ»,0,0,saeed.la.a,2020-10-15T14:17:58.000Z,18053311090261409,980656877,https://scontent-lga3-2.cdninstagram.com/v/t51.2885-19/s150x150/120453525_3373607696050687_4132658019783424207_n.jpg?_nc_ht=scontent-lga3-2.cdninstagram.com&_nc_ohc=b-VCEWhhU48AX8S2cjY&tp=1&oh=8916ac315825e1c90a7769199d2d3e23&oe=5FE7CA51,false,2020-11-25T08:01:05.233Z,https://www.instagram.com/p/CGXfXWTAD_g/
,https://www.instagram.com/rezvan.motie,Ø²Ù†Ø¯Ù‡ Ø¨Ø§Ø¯,0,0,rezvan.motie,2020-10-15T16:56:30.000Z,17869445153039561,2298957251,https://scontent-lga3-2.cdninstagram.com/v/t51.2885-19/s150x150/69085932_359132554988971_8425883411276627968_n.jpg?_nc_ht=scontent-lga3-2.cdninstagram.com&_nc_ohc=pLVSAgyN4G4AX938znc&tp=1&oh=37e7a7bb6e47721710ccbb1d2c3d5fe0&oe=5FE6CD2E,false,2020-11-25T08:01:05.233Z,https://www.instagram.com/p/CGXfXWTAD_g/
,https://www.instagram.com/esimaeiljamshidi,â¤ï¸â¤ï¸â¤ï¸â¤ï¸â¤ï¸â¤ï¸,0,0,esimaeiljamshidi,2020-10-15T14:25:07.000Z,17944706539387484,5737774595,https://scontent-lga3-2.cdninstagram.com/v/t51.2885-19/s150x150/85257434_2542656122642729_3364962780263219200_n.jpg?_nc_ht=scontent-lga3-2.cdninstagram.com&_nc_ohc=780gcQ8LyVsAX-m088u&tp=1&oh=6c309fc08204fb8bfa1f0c8d695e07d8&oe=5FE91B90,false,2020-11-25T08:01:05.233Z,https://www.instagram.com/p/CGXfXWTAD_g/
,https://www.instagram.com/kheshtetalaei,ğŸ‘ğŸ‘,0,0,kheshtetalaei,2020-10-15T15:07:32.000Z,17861644322135480,2272454458,https://scontent-lga3-2.cdninstagram.com/v/t51.2885-19/s150x150/12230920_1080901135277255_700020862_a.jpg?_nc_ht=scontent-lga3-2.cdninstagram.com&_nc_ohc=ro3t4GpoR3cAX9Rul7w&tp=1&oh=41750d925af65a4598c88279ebda8112&oe=5FE802AF,false,2020-11-25T08:01:05.233Z,https://www.instagram.com/p/CGXfXWTAD_g/
,https://www.instagram.com/t.hosseini80,ğŸ‘ğŸ‘ğŸ‘ğŸ‘ğŸ‘,0,0,t.hosseini80,2020-10-16T10:37:00.000Z,18156541387076092,2714646098,https://scontent-lga3-2.cdninstagram.com/v/t51.2885-19/s150x150/13712385_1080465105380045_1597597957_a.jpg?_nc_ht=scontent-lga3-2.cdninstagram.com&_nc_ohc=ue-t1Bo1GrAAX9HzeNE&tp=1&oh=69a0c655fb718fab3493d9c94f533774&oe=5FE78D18,false,2020-11-25T08:01:05.233Z,https://www.instagram.com/p/CGXfXWTAD_g/
,https://www.instagram.com/n.e.ww.o.r.l.d,ğŸ‘ğŸ‘ğŸ‘ ØªÙÚ©Ø± Ø¹Ø§Ù„ÛŒ,0,0,n.e.ww.o.r.l.d,2020-10-15T15:50:15.000Z,17860876505147276,40094947910,https://scontent-lga3-2.cdninstagram.com/v/t51.2885-19/s150x150/117312437_168232701438288_142690606765584205_n.jpg?_nc_ht=scontent-lga3-2.cdninstagram.com&_nc_ohc=shNORsH2MgQAX_ruVkh&tp=1&oh=45b4f6ba9513753d1569ab76ca1f8289&oe=5FE5F4B3,false,2020-11-25T08:01:05.233Z,https://www.instagram.com/p/CGXfXWTAD_g/
,https://www.instagram.com/alirezagheliney,Ù„Ø·ÙØ§ Ø²Ù†Ø¯Ú¯ÛŒ Ù†Ø§Ù…Ù‡ Ø§ÙØ±Ø§Ø¯ Ø±Ø§ Ú©Ø§Ù…Ù„ Ø¨Ø²Ø§Ø±ÛŒØ¯. Ù¾Ø¯Ø±Ø´ Ú©ÛŒÙ‡ØŸ Ù…Ø§Ø±Ø¯Ø´ Ú©ÛŒÙ‡ØŸ Ú†Ø·ÙˆØ±ÛŒ Ø³Ø± Ø§Ø² Ø¢Ù…Ø±ÛŒÚ©Ø§ Ùˆ Ù†Ø§Ø³Ø§ Ø¯Ø± Ø¢ÙˆØ±Ø¯Ù‡ØŸ,0,0,alirezagheliney,2020-10-15T15:28:18.000Z,17892460252637791,7688126119,https://scontent-lga3-2.cdninstagram.com/v/t51.2885-19/s150x150/121612175_1047014372406165_8319607383318606167_n.jpg?_nc_ht=scontent-lga3-2.cdninstagram.com&_nc_ohc=RcsKZDDr-5gAX8jRkM2&tp=1&oh=35e49cd02c756885244db9374f8800fc&oe=5FE93BE1,false,2020-11-25T08:01:05.233Z,https://www.instagram.com/p/CGXfXWTAD_g/
,https://www.instagram.com/fatemeh.yarahmadi_,Ø²Ù†Ø¯Ù‡ Ø¨Ø§Ø¯ ğŸ€,0,0,fatemeh.yarahmadi_,2020-10-15T18:27:49.000Z,17878747039885070,4044725655,https://scontent-lga3-2.cdninstagram.com/v/t51.2885-19/s150x150/121225494_186538422986737_5670941610866700412_n.jpg?_nc_ht=scontent-lga3-2.cdninstagram.com&_nc_ohc=e6aTncVYPhYAX_RxBZ8&tp=1&oh=6254fde036e3c5b3f9ff9895408e45d9&oe=5FE9417D,false,2020-11-25T08:01:05.233Z,https://www.instagram.com/p/CGXfXWTAD_g/
,https://www.instagram.com/atagiti,Ø¨Ø§Ø¹Ø« Ø§ÙØªØ®Ø§Ø± Ù…Ø§ Ù‡Ø³ØªÙ†ğŸ‘ğŸ‘ğŸŒ¹,0,0,atagiti,2020-10-15T14:15:10.000Z,17900455990582388,1811463839,https://scontent-lga3-2.cdninstagram.com/v/t51.2885-19/s150x150/65829502_2688466317852490_7919023806595727360_n.jpg?_nc_ht=scontent-lga3-2.cdninstagram.com&_nc_ohc=vL9RyqizJp8AX-vcBdo&tp=1&oh=3c3e9ce2ee7425de9bda07951b1b9f6a&oe=5FE7AB3A,false,2020-11-25T08:01:05.233Z,https://www.instagram.com/p/CGXfXWTAD_g/
,https://www.instagram.com/paniztashakori,ğŸ‘ğŸ‘ğŸ‘ğŸ‘Ù„Ø°Øª Ø¨Ø±Ø¯Ù… Ø§Ø² Ø§ÛŒÙ† Ù…ÙˆÙÙ‚ÛŒØª,0,0,paniztashakori,2020-10-15T14:14:16.000Z,17873751712971781,15221397909,https://scontent-lga3-2.cdninstagram.com/v/t51.2885-19/s150x150/126240873_655993385094476_5012937008507795232_n.jpg?_nc_ht=scontent-lga3-2.cdninstagram.com&_nc_ohc=zvGfjzJ8_OgAX-SDYSZ&tp=1&oh=0c6a83d9c2436cc5a606bf95cc903735&oe=5FE95069,false,2020-11-25T08:01:05.233Z,https://www.instagram.com/p/CGXfXWTAD_g/
,https://www.instagram.com/shahab.s.zadeh,ÛŒØ§Ø¯Ù… ØªÙˆ ØµØ¯Ø§ Ùˆ Ø³ÛŒÙ…Ø§ Ù…ÛŒÙ„ÛŒ Ù…ÛŒÚ¯ÙØªÙ† Ù…ÙˆÙ‡Ø§Ø´ Ú†Ø±Ø§ Ø§ÛŒÙ† Ø±Ù†Ú¯ÛŒÙ‡ ØªÛŒÙ¾Ø´ Ø§ÛŒØ¬ÙˆØ±ÛŒÙ‡ğŸ¤¦ğŸ¤¦,0,0,shahab.s.zadeh,2020-10-15T16:16:51.000Z,18087257593202388,1272623361,https://scontent-lga3-2.cdninstagram.com/v/t51.2885-19/s150x150/117592859_385100092477576_8548883448770057773_n.jpg?_nc_ht=scontent-lga3-2.cdninstagram.com&_nc_ohc=m07PdYoRfl4AX_Pvj2p&tp=1&oh=9e27dcd1eaf7aefef160688ea7e6c5fe&oe=5FE7D523,false,2020-11-25T08:01:05.233Z,https://www.instagram.com/p/CGXfXWTAD_g/
,https://www.instagram.com/sara.g.nejad,Ø´Ø®ØµÛŒØª Ø¬Ø°Ø§Ø¨ÛŒ Ø¯Ø§Ø±Ù†ğŸ‘ŒğŸ˜,0,0,sara.g.nejad,2020-10-16T11:14:36.000Z,18119433538158531,4254052315,https://scontent-lga3-2.cdninstagram.com/v/t51.2885-19/s150x150/122896288_266592078101995_130515990045629268_n.jpg?_nc_ht=scontent-lga3-2.cdninstagram.com&_nc_ohc=-LvA6v6NXXsAX8Y7NBn&tp=1&oh=9e49448ab51e88c7fbe1839c17e9c066&oe=5FE8CEDD,false,2020-11-25T08:01:05.234Z,https://www.instagram.com/p/CGXfXWTAD_g/
,https://www.instagram.com/mary.nazarii,Ù‚Ø´Ù†Ú¯ÛŒ Ù‡Ø§ÛŒ Ø¯Ù†ÛŒØ§ ÙÙ‚Ø· Ø¹ÛŒÙ† Ø¬ÙˆØ± Ø§Ø¯Ù…Ù‡Ø§ Ù‡Ø³ØªÙ† Ø§Ø¯Ù… Ø§Ø² Ù…ÙˆÙÙ‚ÛŒØª Ùˆ Ø§Ù†Ø±Ú˜ÛŒ Ø´ÙˆÙ† Ù„Ø°Øª Ù…ÛŒØ¨Ø±Ù‡ â¤ï¸â¤ï¸â¤ï¸,0,0,mary.nazarii,2020-10-15T14:19:24.000Z,17844613139434960,3787571936,https://scontent-lga3-2.cdninstagram.com/v/t51.2885-19/s150x150/120601453_2417253141910010_5211217634211499186_n.jpg?_nc_ht=scontent-lga3-2.cdninstagram.com&_nc_ohc=YUCz-EIVTdIAX8VLA5I&tp=1&oh=96be682c1d01a1b2c0c877e5c6feaa8d&oe=5FE8128F,false,2020-11-25T08:01:05.234Z,https://www.instagram.com/p/CGXfXWTAD_g/
,https://www.instagram.com/mehdii__fathi,"Ú†Ù‚Ø¯Ø± Ø®ÙˆØ¨Ù‡ Ú†Ù‚Ø¯Ø± Ø­Ø³ Ø®ÙˆØ¨ÛŒ Ø¨Ù‡ Ø¢Ø¯Ù… Ù…ÛŒØ¯Ù‡ Ø§Ù„Ø¨ØªÙ‡ Ø¢Ø¯Ù…ÛŒ Ú©Ù‡ Ú©Ø´ÙˆØ±Ø´ Ùˆ ÙØ±Ø¯ ØŒ ÙØ±Ø¯ Ø¢Ø¯Ù…Ù‡Ø§ Ø§ÙˆÙ† Ø±Ùˆ Ø¯ÙˆØ³Øª Ø¯Ø§Ø´ØªÙ‡ Ø¨Ø§Ø´Ù‡ Ø¢Ø¯Ù…Ù‡Ø§ÛŒ Ø§Ø² Ø¬Ù†Ø³ Ø¨Ø§Ø¨Ú© ÙØ±Ø¯ÙˆØ³ÛŒ Ø¨Ù‡ØªØ±ÛŒÙ† Ù‡Ø§ Ø±Ùˆ Ø¨Ø±Ø§Ø´ Ù…ÛŒØ®ÙˆØ§Ù… ğŸ‘ğŸ»ğŸ‘ğŸ»ğŸ‘ğŸ»ğŸ‘ğŸ»ğŸ‘ğŸ»ğŸ‘ğŸ»ğŸ‘ğŸ»ğŸ‘ğŸ»ğŸ‘ğŸ»ğŸ‘ğŸ»ğŸ‘ğŸ»ğŸ‘ğŸ»ğŸ‘ğŸ»ğŸ‘ğŸ»

Ù†Ù‚Ø·Ù‡ Ù…ØªÙ‚Ø§Ø¨Ù„ Ù‡Ù… Ù‡Ø³ØªÙ† ØºÛŒØ± Ø¢Ø¯Ù…Ù‡Ø§ÛŒ Ù…Ø«Ù„ Ø±ÙˆØ­Ø§Ù†ÛŒ Ú©Ù‡ Ø­Ø±Øµ Ø¢Ø¯Ù… Ø±Ùˆ Ø¯Ø± Ù…ÛŒØ§Ø±Ù† Ù†ÙˆØ´ØªÙ† ÙˆØ§Ú˜Ù‡ Ø­Ø³ Ùˆ Ø­Ø±Øµ Ù‡Ù… Ú†Ù‡ ØªÙØ§ÙˆØª Ø¹Ø¬Ø¨ÛŒ Ø¯Ø§Ø±Ù‡ ğŸ¤¥ğŸ¤¥ğŸ¤¥ğŸ¤¥ğŸ¤¥ğŸ¤¥ğŸ¤¥ğŸ¤¥ğŸ¤¥ğŸ¤¥ğŸ¤¥ğŸ¤¥ğŸ¤¥ğŸ¤¥ğŸ¤¥",0,0,mehdii__fathi,2020-10-15T16:12:38.000Z,17886797092743399,7423202087,https://scontent-lga3-2.cdninstagram.com/v/t51.2885-19/s150x150/64664900_656554114820350_7586194116380196864_n.jpg?_nc_ht=scontent-lga3-2.cdninstagram.com&_nc_ohc=3KbMZYAOcWsAX-zo65n&tp=1&oh=a7456fdb8384fea67fa303874ac1d672&oe=5FE86E00,false,2020-11-25T08:01:05.234Z,https://www.instagram.com/p/CGXfXWTAD_g/
,https://www.instagram.com/im.hsen,ÙˆÙ‚ØªÛŒ Ø¨Ù‡ Ø®Ø§Ø·Ø± Ù…Ø¯Ù„ Ù…Ùˆ Ø§Ø² Ø¯Ø§Ù†Ø´Ú¯Ø§Ù‡ Ø§Ø®Ø±Ø§Ø¬ Ø´Ø¯ Ùˆ Ø§Ø¬Ø§Ø²Ù‡ ÙˆØ±ÙˆØ¯ Ø¨Ù‡Ø´ Ù†Ø¯Ø§Ø¯Ù† Ø±ÙØª Ø§ÙˆÙ† Ø·Ø±Ù Ø¯Ù‚ÛŒÙ‚Ø§ Ù…Ø«Ù„ Ø´Ø§Ø¯Ù…Ù‡Ø±,0,0,im.hsen,2020-10-16T20:11:15.000Z,17915456170483559,1815911462,https://scontent-lga3-2.cdninstagram.com/v/t51.2885-19/s150x150/80687912_2651897841697755_4567289787597193216_n.jpg?_nc_ht=scontent-lga3-2.cdninstagram.com&_nc_ohc=nhFUuMrz9zEAX8B1lSI&tp=1&oh=75fec64bdd691ae6355e463cd47d3b5d&oe=5FE96D0D,false,2020-11-25T08:01:05.234Z,https://www.instagram.com/p/CGXfXWTAD_g/
,https://www.instagram.com/narges.kazemizadeh,ğŸ’š,0,0,narges.kazemizadeh,2020-10-15T14:31:15.000Z,17882978353779745,9304253569,https://scontent-lga3-2.cdninstagram.com/v/t51.2885-19/s150x150/126174160_179022810222530_2273011697550905704_n.jpg?_nc_ht=scontent-lga3-2.cdninstagram.com&_nc_ohc=2tmiQH5dUukAX9JIPP2&tp=1&oh=2232a48c8bc34106139ae0cd961f0713&oe=5FE824CE,false,2020-11-25T08:01:05.234Z,https://www.instagram.com/p/CGXfXWTAD_g/
,https://www.instagram.com/minap.1994,Ø§ÙˆÙ„ÛŒÙ† Ø¨Ø§Ø±Ø§Ø³Ù…Ø´ÙˆÙ† ÙˆØ¯Ø±ÙˆÙ…ÙˆØ±Ø¯Ø´ Ø¯Ø± ØµØ¯Ø§ÛŒ Ø§Ù…Ø±ÛŒÚ©Ø§ Ø¨ÛŒØ´ Ø§Ø² Û±Û°Ø³Ø§Ù„ Ù¾ÛŒØ´ Ø´Ù†ÛŒØ¯Ù… Ùˆ Ø¯ÛŒØ¯Ù… Ø¨Ø§Ù…ÙˆÙ‡Ø§ÛŒ Ø¹Ø¬ÛŒØ¨ Ø³Ø¨Ú© Ø§ÙˆÙ† Ù…ÙˆÙ‚Ø¹,0,0,minap.1994,2020-10-15T14:18:20.000Z,17927388469440338,3269104485,https://scontent-lga3-2.cdninstagram.com/v/t51.2885-19/s150x150/126526593_3257793887663312_1245564026688342683_n.jpg?_nc_ht=scontent-lga3-2.cdninstagram.com&_nc_ohc=dtjsPb9odGkAX8BkD2Z&tp=1&oh=6b71e98a8bef4827456f7c1c58c4e374&oe=5FE72169,false,2020-11-25T08:01:05.234Z,https://www.instagram.com/p/CGXfXWTAD_g/
,https://www.instagram.com/zahramalakout,ğŸ‘ğŸŒ¸,0,0,zahramalakout,2020-10-15T17:40:53.000Z,18139231087097522,1824985109,https://scontent-lga3-2.cdninstagram.com/v/t51.2885-19/s150x150/124317864_1061551154294306_5575767403140807407_n.jpg?_nc_ht=scontent-lga3-2.cdninstagram.com&_nc_ohc=55DiqlyVQJ4AX_LcBwf&tp=1&oh=f991eac8945436a418b6a94cfa23b6c0&oe=5FE68A76,false,2020-11-25T08:01:05.234Z,https://www.instagram.com/p/CGXfXWTAD_g/
,https://www.instagram.com/sabike_keihani,ğŸ’™,0,0,sabike_keihani,2020-10-15T15:03:53.000Z,17969919133327276,3072396193,https://scontent-lga3-2.cdninstagram.com/v/t51.2885-19/s150x150/119477808_744197346139911_986154543867560619_n.jpg?_nc_ht=scontent-lga3-2.cdninstagram.com&_nc_ohc=UtJ7S5qeYQ0AX8BlGU4&tp=1&oh=301e7682e86baf0b650c9053a0cf4212&oe=5FE75B3D,false,2020-11-25T08:01:05.234Z,https://www.instagram.com/p/CGXfXWTAD_g/
,https://www.instagram.com/farnoosh.amn,ğŸ˜ğŸ˜Ù…ÛŒ ØªÙˆÙ†Ù† ÙØ§Ø±Ø³ÛŒ Ø¨Ø®ÙˆÙ†Ù†ØŸØŸ,0,0,farnoosh.amn,2020-10-16T07:32:26.000Z,17846442095381166,970274624,https://scontent-lga3-2.cdninstagram.com/v/t51.2885-19/s150x150/118699617_397160067934808_2699844671827515828_n.jpg?_nc_ht=scontent-lga3-2.cdninstagram.com&_nc_ohc=PBYCBR-0yJIAX9u4ycz&tp=1&oh=c84c79d67544f87f52dc3f0e09ae8f5d&oe=5FE6A244,false,2020-11-25T08:01:05.234Z,https://www.instagram.com/p/CGXfXWTAD_g/
,https://www.instagram.com/zprf_,ğŸ‘ğŸ‘ğŸ’–ğŸ‘,0,0,zprf_,2020-10-15T14:15:06.000Z,17899990699595242,804904930,https://scontent-lga3-2.cdninstagram.com/v/t51.2885-19/s150x150/126160227_838749610208696_5152971116291255958_n.jpg?_nc_ht=scontent-lga3-2.cdninstagram.com&_nc_ohc=-udnQvTBCAgAX8da7m6&tp=1&oh=3cb337c91356af70e4bf164e89da2da5&oe=5FE718C1,false,2020-11-25T08:01:05.234Z,https://www.instagram.com/p/CGXfXWTAD_g/
,https://www.instagram.com/heliasaeedi,"Ú†Ù‡ Ù‚Ø¯Ø± Ø®ÙˆØ¨ Ø§Ù…ÛŒØ¯ÙˆØ§Ø±Ù… Ù‡Ù…ÛŒØ´Ù‡ Ø³Ø§Ù„Ù… Ùˆ Ø³Ø±Ø¨Ù„Ù†Ø¯ Ø¨Ø§Ø´Ù† ğŸ˜
Ø§ÛŒØ´ÙˆÙ† Ø§Ú¯Ø± Ø§ÛŒØ±Ø§Ù† Ø¨ÙˆØ¯ Ø§Ù„Ø§Ù† Ø¨Ù‡ Ø®Ø§Ø·Ø± Ø±Ù†Ú¯ Ù…ÙˆÙ‡Ø§ÛŒ ÙØ§Ù†ØªØ²ÛŒØ´ Ùˆ Ù…Ø¯Ù„ Ù…ÙˆÙ‡Ø§Ø´ Ø§Ø®Ø±Ø§Ø¬ Ø´Ø¯Ù‡ Ø¨ÙˆØ¯ Ùˆ Ú¯Ø´Øª Ø§Ø±Ø´Ø§Ø¯ Ù‡Ù… Ú¯Ø±ÙØªÙ‡ Ø¨ÙˆØ¯ØªØ´ğŸ¤¦ğŸ»â€â™€ï¸",0,0,heliasaeedi,2020-10-16T06:23:06.000Z,17908912516525718,1413607738,https://scontent-lga3-2.cdninstagram.com/v/t51.2885-19/s150x150/124418912_425026625195427_5086318775999284276_n.jpg?_nc_ht=scontent-lga3-2.cdninstagram.com&_nc_ohc=iYLesMLcjWYAX850inb&tp=1&oh=b802353c9e0bb934e8ea7c1b54afef75&oe=5FE7430A,false,2020-11-25T08:01:05.234Z,https://www.instagram.com/p/CGXfXWTAD_g/
,https://www.instagram.com/marziyehhosseini02,ğŸŒ¹ğŸŒ¹ğŸ’•,0,0,marziyehhosseini02,2020-10-15T14:32:30.000Z,17854264667274244,1923864942,https://scontent-lga3-2.cdninstagram.com/v/t51.2885-19/s150x150/107460091_740891236711385_4699467033281481966_n.jpg?_nc_ht=scontent-lga3-2.cdninstagram.com&_nc_ohc=DEWtF-TllJUAX8cQ0VA&tp=1&oh=49c54d1349e302d759fa7fd6b5f84139&oe=5FE963F0,false,2020-11-25T08:01:05.234Z,https://www.instagram.com/p/CGXfXWTAD_g/
,https://www.instagram.com/tinafaridd,ğŸ‘ğŸ‘ğŸ‘ğŸ‘,0,0,tinafaridd,2020-10-16T09:41:09.000Z,17848521512365873,369487968,https://scontent-lga3-2.cdninstagram.com/v/t51.2885-19/s150x150/25013133_190807944804450_2990255208996536320_n.jpg?_nc_ht=scontent-lga3-2.cdninstagram.com&_nc_ohc=kpMheofMSaUAX8krAiM&tp=1&oh=21b67ee6bfa1d2f8f680e958026bcc00&oe=5FE68184,false,2020-11-25T08:01:05.234Z,https://www.instagram.com/p/CGXfXWTAD_g/
,https://www.instagram.com/yardliey7,â¤ï¸ğŸ”¥ğŸ”¥ğŸ”¥,0,0,yardliey7,2020-10-15T14:26:09.000Z,17893703077636852,1950455852,https://scontent-lga3-2.cdninstagram.com/v/t51.2885-19/s150x150/119888383_872615006478334_6406382081167808925_n.jpg?_nc_ht=scontent-lga3-2.cdninstagram.com&_nc_ohc=ZFf8nqTMRxwAX-Mr19N&tp=1&oh=dc4b5e5ad8e79e102f30ce576990843b&oe=5FE873D1,false,2020-11-25T08:01:05.234Z,https://www.instagram.com/p/CGXfXWTAD_g/
,https://www.instagram.com/athenabayat,@tweetsoutloud Ø¹Ø´Ù‚Ù‰ Ø¹Ø´Ù‚ ğŸ˜ğŸ˜ğŸ’œğŸ’œâ™¥ï¸â™¥ï¸ğŸŒºğŸŒºğŸŒ¸ğŸŒ¸,0,0,athenabayat,2020-10-15T14:33:20.000Z,17863322690143263,1580137470,https://scontent-lga3-2.cdninstagram.com/v/t51.2885-19/s150x150/123248763_805388696913955_892753501645847238_n.jpg?_nc_ht=scontent-lga3-2.cdninstagram.com&_nc_ohc=HjFvZkGUe_wAX-HEq8_&tp=1&oh=be1b0bcbc8d924b621ead2209f0ded59&oe=5FE79693,false,2020-11-25T08:01:05.234Z,https://www.instagram.com/p/CGXfXWTAD_g/
,https://www.instagram.com/amiir_omrani,Ù…Ø§Ø´Ø§Ø§Ù„Ù„Ù‡ Ú†Ù‡ Ø®ÙˆØ´ØªÛŒÙ¾ Ùˆ Ø®ÙˆØ´ Ù‚ÛŒØ§ÙÙ‡ğŸ‘Œ Ø¯Ø± Ú©Ù†Ø§Ø± Ø§Ø¯Ù… Ø­Ø³Ø§Ø¨ÛŒ Ø¨ÙˆØ¯Ù† Ø®ÛŒÙ„ÛŒ Ø®ÙˆØ´ Ø§Ø³ØªØ§ÛŒÙ„ Ùˆ Ø®ÙˆØ´ Ú†Ù‡Ø±Ø³Øª Ø¯Ù…Ø´ Ú¯Ø±Ù…ğŸ”¥ğŸ’™,0,0,amiir_omrani,2020-10-15T15:00:25.000Z,17843592221433902,3902132983,https://scontent-lga3-2.cdninstagram.com/v/t51.2885-19/s150x150/121635496_352719789282866_5798007880657726840_n.jpg?_nc_ht=scontent-lga3-2.cdninstagram.com&_nc_ohc=2iBqzl855DoAX80Guq5&tp=1&oh=db4595221e30d809b5a75839f51471c0&oe=5FE9003D,false,2020-11-25T08:01:05.234Z,https://www.instagram.com/p/CGXfXWTAD_g/
,https://www.instagram.com/diako.di012,Ø§Ú¯Ù‡ Ø§ÛŒØ±Ø§Ù† Ø¨ÙˆØ¯ Ø¨Ù‡ Ø®Ø§Ø·Ø± Ù…ÙˆÙ‡Ø§Ø´ Ù…ÛŒ Ú¯Ø±ÙØªÙ†Ø´ ÛŒØ§ ØªÙˆ Ø¯Ø§Ù†Ø´Ú¯Ø§Ù‡ Ø±Ø§Ø´ Ù†Ù…ÛŒØ¯Ø§Ø¯Ù† :)))),0,0,diako.di012,2020-10-15T14:59:02.000Z,17876061694900826,19024469312,https://scontent-lga3-2.cdninstagram.com/v/t51.2885-19/s150x150/69375726_372037077057285_2769161889010155520_n.jpg?_nc_ht=scontent-lga3-2.cdninstagram.com&_nc_ohc=kp9kD-DG69gAX9yNegf&tp=1&oh=b98ac594aa05b9f9c88b4de43272adb0&oe=5FE65209,false,2020-11-25T08:01:05.234Z,https://www.instagram.com/p/CGXfXWTAD_g/
,https://www.instagram.com/ma.hnaz2534,ğŸ‘ŒğŸ‘Œ,0,0,ma.hnaz2534,2020-10-15T17:22:01.000Z,17872454050954677,8596414079,https://scontent-lga3-2.cdninstagram.com/v/t51.2885-19/s150x150/121665360_177486050660133_6543799342285518766_n.jpg?_nc_ht=scontent-lga3-2.cdninstagram.com&_nc_ohc=b8IjYODCLoMAX9S2gEg&tp=1&oh=f2123ae2ca3d016d3490b82ccfd1623e&oe=5FE64E6E,false,2020-11-25T08:01:05.234Z,https://www.instagram.com/p/CGXfXWTAD_g/
,https://www.instagram.com/babak.hedaayatt,Ù…Ø§ Ù‡Ø± Ø¯Ùˆ Ø¨Ø§Ø¨Ú© Ù‡Ø³ØªÛŒÙ… ØŒ Ø§Ù…Ø§ Ø§ÛŒÙ† Ú©Ø¬Ø§ Ùˆ Ø¢Ù† Ú©Ø¬Ø§ ğŸ˜,0,0,babak.hedaayatt,2020-10-16T08:31:55.000Z,18128551864187784,32014320471,https://scontent-lga3-2.cdninstagram.com/v/t51.2885-19/s150x150/126317535_377528210159864_1300211076298397841_n.jpg?_nc_ht=scontent-lga3-2.cdninstagram.com&_nc_ohc=VLZol2nh1icAX-8_Wyw&tp=1&oh=dfb11ed7d7aea42f4e661cb16322c502&oe=5FE64698,false,2020-11-25T08:01:05.515Z,https://www.instagram.com/p/CGXfXWTAD_g/
,https://www.instagram.com/afrooz.vaezzadeh,Ø¹Ø´Ù‚ Ø¨ÛŒ Ú†ÙˆÙ† Ùˆ Ú†Ø±Ø§ÛŒ Ù…Ù†Ù† Ø§ÛŒØ´ÙˆÙ†ğŸ˜»â¤ğŸŒ¹â¤ğŸŒ¹â¤@tweetsoutloud,0,0,afrooz.vaezzadeh,2020-10-16T12:32:53.000Z,17874061750919369,2205269092,https://scontent-lga3-2.cdninstagram.com/v/t51.2885-19/s150x150/117705137_848763272319916_8093870553787532201_n.jpg?_nc_ht=scontent-lga3-2.cdninstagram.com&_nc_ohc=YQim8Ww2NvwAX8SA1N8&tp=1&oh=b1d4bc7771db44f6c39d03e71c0045fc&oe=5FE84B51,false,2020-11-25T08:01:05.515Z,https://www.instagram.com/p/CGXfXWTAD_g/
,https://www.instagram.com/mina.daliri.64,ğŸ‘ğŸ‘,0,0,mina.daliri.64,2020-10-16T08:42:31.000Z,17843680445427848,12172906819,https://scontent-lga3-2.cdninstagram.com/v/t51.2885-19/s150x150/122724100_799377400606371_7583270920342533056_n.jpg?_nc_ht=scontent-lga3-2.cdninstagram.com&_nc_ohc=E-OSBnOzK6AAX9fCqgL&tp=1&oh=231748f1d551d1d727021de5fd0ffaec&oe=5FE64CBE,false,2020-11-25T08:01:05.515Z,https://www.instagram.com/p/CGXfXWTAD_g/
,https://www.instagram.com/toniaalidad55,ğŸ‘ğŸ‘ğŸ‘ğŸ‘â¤ï¸â¤ï¸â¤ï¸â¤ï¸,0,0,toniaalidad55,2020-10-15T17:35:51.000Z,17880411838847934,26330486549,https://scontent-lga3-2.cdninstagram.com/v/t51.2885-19/s150x150/87635792_197730424653839_3808752868966531072_n.jpg?_nc_ht=scontent-lga3-2.cdninstagram.com&_nc_ohc=HGrV3MT1dV8AX_VF2WH&tp=1&oh=a7f01c48006598e11c0d89a5b200fb95&oe=5FE6E658,false,2020-11-25T08:01:05.515Z,https://www.instagram.com/p/CGXfXWTAD_g/
,https://www.instagram.com/folan.bisari,Ù…ÙˆÙÙ‚ Ø¨Ø§Ø´Ù†,0,0,folan.bisari,2020-10-15T16:17:38.000Z,17890873309687845,3447803744,https://scontent-lga3-2.cdninstagram.com/v/t51.2885-19/s150x150/123116663_2109313699205966_1682437684991626341_n.jpg?_nc_ht=scontent-lga3-2.cdninstagram.com&_nc_ohc=8br3m5XsExMAX_mQZs5&tp=1&oh=0a9c58e45e167656bd33cdffc24254eb&oe=5FE874D2,false,2020-11-25T08:01:05.515Z,https://www.instagram.com/p/CGXfXWTAD_g/
,https://www.instagram.com/n0n01983,ğŸ‘ğŸ‘ğŸ‘,0,0,n0n01983,2020-10-15T15:09:19.000Z,17844594950426054,293138110,https://scontent-lga3-2.cdninstagram.com/v/t51.2885-19/s150x150/120739790_203967757778259_9188654233551761598_n.jpg?_nc_ht=scontent-lga3-2.cdninstagram.com&_nc_ohc=2_kADo9wjEsAX9LbCIw&tp=1&oh=58bdff712d6d9c59a782d5ba831627d5&oe=5FE6D50E,false,2020-11-25T08:01:05.515Z,https://www.instagram.com/p/CGXfXWTAD_g/
,https://www.instagram.com/ali.porrezaean,Ø³Ø±Ú¯Ø°Ø´Øª Ú©Ø§Ù…Ù„ Ø´ÙˆÙ†Ø¯ Ø±Ùˆ Ø¯ÛŒØ¯Ù… Ø®ÛŒÙ„ÛŒ Ø¢Ø¯Ù… Ø­Ø³Ø§Ø¨ÛŒ Ù‡Ø³ØªÙ† ØŒØªØ´Ú©Ø± ÙˆÛŒÚ˜Ù‡ğŸ‘Œ,0,0,ali.porrezaean,2020-10-16T10:14:34.000Z,17966469136340274,2268067809,https://scontent-lga3-2.cdninstagram.com/v/t51.2885-19/s150x150/102665158_2827565600687376_3537756322479993434_n.jpg?_nc_ht=scontent-lga3-2.cdninstagram.com&_nc_ohc=qag376G6l3EAX-ko4Le&tp=1&oh=b7083c94df8f66ed3ef0dabe0c626a01&oe=5FE717BC,false,2020-11-25T08:01:05.515Z,https://www.instagram.com/p/CGXfXWTAD_g/
,https://www.instagram.com/souli_official,Ù…Ø§ÛŒÙ‡ ÛŒ Ø§ÙØªØ®Ø§Ø± Ø§ÛŒØ±Ø§Ù† Ù‡Ø³ØªÙ†Ø¯ğŸ‘Œ,0,0,souli_official,2020-10-15T17:39:24.000Z,17868116102071319,16146995759,https://scontent-lga3-2.cdninstagram.com/v/t51.2885-19/s150x150/87232135_1008526639531933_7459206222793670656_n.jpg?_nc_ht=scontent-lga3-2.cdninstagram.com&_nc_ohc=rQ0P0ClgnvEAX8tv418&tp=1&oh=c2c044dafeeb58910960cfc6f74602dd&oe=5FE8E56B,false,2020-11-25T08:01:05.515Z,https://www.instagram.com/p/CGXfXWTAD_g/
,https://www.instagram.com/leyla.arti,ğŸ‘ŒğŸ‘ŒğŸ‘ŒğŸ‘ŒğŸ‘Œ,0,0,leyla.arti,2020-10-15T18:19:21.000Z,17881234606825618,6074581126,https://scontent-lga3-2.cdninstagram.com/v/t51.2885-19/s150x150/115352249_334098927604728_7264100634800634141_n.jpg?_nc_ht=scontent-lga3-2.cdninstagram.com&_nc_ohc=wuhWS103uZ0AX87Pk4z&tp=1&oh=08049c6ce929dc42920887b261086d4a&oe=5FE64DDE,false,2020-11-25T08:01:05.515Z,https://www.instagram.com/p/CGXfXWTAD_g/
,https://www.instagram.com/rafoolini,ğŸ‘ŒğŸ½ğŸ‘ŒğŸ½ğŸ‘ŒğŸ½ğŸ‘ŒğŸ½Ø®ÙŠÙ„Ù‰ Ù‡Ù… Ø®ÙˆØ´Ø´Ø´Ø´ØªÙŠÙ¾Ù‡,0,0,rafoolini,2020-10-15T15:22:39.000Z,18087377725207178,38927361123,https://scontent-lga3-2.cdninstagram.com/v/t51.2885-19/s150x150/120022838_360516991771708_6446357118235936939_n.jpg?_nc_ht=scontent-lga3-2.cdninstagram.com&_nc_ohc=RNvbAbpJcvIAX9wxOjx&tp=1&oh=873d60d72b3955591a56f06d20a2a6f3&oe=5FE85252,false,2020-11-25T08:01:05.515Z,https://www.instagram.com/p/CGXfXWTAD_g/
,https://www.instagram.com/donyaghanouni,ğŸ›°ğŸ‘ğŸ¿,0,0,donyaghanouni,2020-10-15T14:39:41.000Z,17892770098659685,367379486,https://scontent-lga3-2.cdninstagram.com/v/t51.2885-19/s150x150/99157753_1360468470808353_8087796041140666368_n.jpg?_nc_ht=scontent-lga3-2.cdninstagram.com&_nc_ohc=sXHRrPyImt4AX8EVHTH&tp=1&oh=7b5433211e0cdd587cbbe684dbf69a75&oe=5FE8E196,false,2020-11-25T08:01:05.515Z,https://www.instagram.com/p/CGXfXWTAD_g/
,https://www.instagram.com/fahimehnasib,Ú†Ù‡ Ø¨Ø§Ù…Ø²Ù‡ Ù‡Ù… Ù‡Ø³ØªÙ†Ø¯ ğŸ‘ŒğŸ‘ ÙÚ©Ø± Ù†Ù…ÛŒÚ©Ø±Ø¯Ù… Ù‡Ù…Ú†ÛŒÙ† Ø´ØºÙ„ Ø¬Ø¯ÛŒ Ø§ÛŒ Ø¯Ø§Ø´ØªÙ‡ Ø¨Ø§Ø´Ù†Ø¯.,0,0,fahimehnasib,2020-10-15T14:14:36.000Z,18088620961202661,1819075684,https://scontent-lga3-2.cdninstagram.com/v/t51.2885-19/s150x150/100505509_246928489858921_3503186999785816064_n.jpg?_nc_ht=scontent-lga3-2.cdninstagram.com&_nc_ohc=3O9opTc2_DUAX-Q2vym&tp=1&oh=eaf7906ac34c037b6d984849edb7b71b&oe=5FE6B243,false,2020-11-25T08:01:05.515Z,https://www.instagram.com/p/CGXfXWTAD_g/
,https://www.instagram.com/shakila.hgni,Ú†Ù‚Ø¯Ø¯Ø¯Ø¯Ø± Ø®ÙˆØ¨Ù‡ Ø¨Ø§Ø¨Ú© ÙØ±Ø¯ÙˆØ³ÛŒ Ú†Ù‚Ø¯Ø¯Ø¯Ø¯Ø± Ø®ÙˆØ¨Ù‡,0,0,shakila.hgni,2020-10-16T09:11:46.000Z,17842890359438272,5760524323,https://scontent-lga3-2.cdninstagram.com/v/t51.2885-19/s150x150/123939182_1042164189557415_3619995390487690887_n.jpg?_nc_ht=scontent-lga3-2.cdninstagram.com&_nc_ohc=vu3-aRfm-UwAX8888ZO&tp=1&oh=cda4ba6f250ace613422d33b4f282bee&oe=5FE96939,false,2020-11-25T08:01:05.515Z,https://www.instagram.com/p/CGXfXWTAD_g/
,https://www.instagram.com/_sarajaafari_,ğŸ‘ŒğŸ»ğŸ¤©,0,0,_sarajaafari_,2020-10-15T15:04:34.000Z,18122924929086722,5950207057,https://scontent-lga3-2.cdninstagram.com/v/t51.2885-19/s150x150/122915625_161296795645992_4943912567594079826_n.jpg?_nc_ht=scontent-lga3-2.cdninstagram.com&_nc_ohc=bBVdVZztN_YAX9cXPdR&tp=1&oh=b36643653afecf5740ec05495d138329&oe=5FE7BB6A,false,2020-11-25T08:01:05.515Z,https://www.instagram.com/p/CGXfXWTAD_g/
,https://www.instagram.com/marmar_fff,ğŸŒ¹ğŸ’•,0,0,marmar_fff,2020-10-15T14:30:29.000Z,17863494419126982,33445640520,https://scontent-lga3-2.cdninstagram.com/v/t51.2885-19/s150x150/97868815_284367626067515_7869483514909949952_n.jpg?_nc_ht=scontent-lga3-2.cdninstagram.com&_nc_ohc=5-mjxPveG3UAX_W0tbR&tp=1&oh=a37ba03324552730d95586aa678f49d0&oe=5FE75BC3,false,2020-11-25T08:01:05.515Z,https://www.instagram.com/p/CGXfXWTAD_g/
,https://www.instagram.com/ladyleily7519,Ú†Ù‡ Ø¨Ø§Ù…Ø²Ù‡!! Ù‡Ù…Ù‡ Ú†ÛŒØ´ Ø¹Ø§Ù„ÛŒÙ‡!!! â™¥ï¸,0,0,ladyleily7519,2020-10-15T19:29:26.000Z,17874966523946910,5427539261,https://scontent-lga3-2.cdninstagram.com/v/t51.2885-19/s150x150/91597908_679359462825093_6284022609906499584_n.jpg?_nc_ht=scontent-lga3-2.cdninstagram.com&_nc_ohc=W15fLG6B60AAX-QLW8i&tp=1&oh=061b1c45a39a84e05490f81508256f36&oe=5FE62D58,false,2020-11-25T08:01:05.515Z,https://www.instagram.com/p/CGXfXWTAD_g/
,https://www.instagram.com/farangiskhanpour,ğŸ‘ğŸ‘ğŸ‘ğŸ‘ğŸ‘ğŸ‘,0,0,farangiskhanpour,2020-10-15T22:34:18.000Z,17844655046424099,4263038743,https://scontent-lga3-2.cdninstagram.com/v/t51.2885-19/s150x150/121512054_181769060102214_2117190010278367358_n.jpg?_nc_ht=scontent-lga3-2.cdninstagram.com&_nc_ohc=Ovq-Coa7MzQAX_EmJkk&tp=1&oh=8120f834c484d47b734e5bc7dc91d0eb&oe=5FE8731D,false,2020-11-25T08:01:05.515Z,https://www.instagram.com/p/CGXfXWTAD_g/
,https://www.instagram.com/mehranabdollahiii,ğŸ‘ğŸ»ğŸ‘ğŸ»,0,0,mehranabdollahiii,2020-10-15T14:17:38.000Z,17892725995659710,1761684146,https://scontent-lga3-2.cdninstagram.com/v/t51.2885-19/s150x150/125760297_189152869369068_8136680013376673036_n.jpg?_nc_ht=scontent-lga3-2.cdninstagram.com&_nc_ohc=Q-OIgxgeNjYAX8aqWJ_&tp=1&oh=88e2a87acd2886504396547398801557&oe=5FE8E6DD,false,2020-11-25T08:01:05.515Z,https://www.instagram.com/p/CGXfXWTAD_g/
,https://www.instagram.com/shahrammohammadzade,ğŸ‘ğŸ‘ğŸ‘,0,0,shahrammohammadzade,2020-10-15T23:24:32.000Z,17856564236251466,1825543505,https://scontent-lga3-2.cdninstagram.com/v/t51.2885-19/s150x150/18443766_129006260983109_4006969767205273600_a.jpg?_nc_ht=scontent-lga3-2.cdninstagram.com&_nc_ohc=_O6MGPC3bNQAX8N6RgC&tp=1&oh=06410ccc0d22aa498f5421c199233335&oe=5FE682D9,false,2020-11-25T08:01:05.515Z,https://www.instagram.com/p/CGXfXWTAD_g/
,https://www.instagram.com/maryam.golabadi,"â€¢
ğŸ‘ğŸ»ğŸ‘ğŸ»ğŸ‘ğŸ»ğŸ˜ğŸ˜ğŸ˜ ÙÙˆÙ‚ Ø§Ù„Ø¹Ø§Ø¯Ù‡ Ø§Ù†Ø¯ Ø§ÛŒØ´ÙˆÙ† ØŒØŒØŒ Ú† ÙØ±Ù‚ÛŒ Ø¯Ø§Ø±Ù‡ Ø§ÛŒÙ†Ø¬Ø§ Ù‡Ø³ØªÙ†Ø¯ ÛŒØ§ ØªÙˆÛŒ Ø¢Ù…Ø±ÛŒÚ©Ø§ ÙˆÙ‚ØªÛŒ Ø¨Ø±Ø§ÛŒ Ø¨Ø´Ø±ÛŒØª Ø®Ø¯Ù…Øª Ù…ÛŒ Ú©Ù†Ù†Ø¯ ØŒ Ù…Ù‡Ù… Ø§ÛŒÙ†Ú©Ù‡ Ø¨Ø§Ù„Ø§Ø®Ø±Ù‡ Ø¨Ø³ØªØ±ÛŒ Ø¨Ø§Ø´Ù‡ ØªØ§ Ø§Ø³ØªØ¹Ø¯Ø§Ø¯ Ùˆ Ø¹Ù„Ù… Ø§Ù†Ø³Ø§Ù† Ø³ÙˆØ¯Ø´ Ø¨ Ø¨Ù‚ÛŒÙ‡ Ø¨Ø±Ø³Ù‡ .â™¥ï¸â™¥ï¸â™¥ï¸",0,0,maryam.golabadi,2020-10-16T07:46:18.000Z,18029538304304343,2300101004,https://scontent-lga3-2.cdninstagram.com/v/t51.2885-19/s150x150/122715442_114959423736368_2300297769744925462_n.jpg?_nc_ht=scontent-lga3-2.cdninstagram.com&_nc_ohc=3jv_qlTATusAX_pw66g&tp=1&oh=36376d25ecc6aac1f97c36b9ee9caf9f&oe=5FE6DF07,false,2020-11-25T08:01:05.515Z,https://www.instagram.com/p/CGXfXWTAD_g/
,https://www.instagram.com/_.zinbm._,ÙÚ© Ú©Ù†Ù… Ø§ÙˆØ¨Ø§Ù…Ø§ Ø¨Ù‡Ø´ ÛŒÙ‡ Ù…Ø¯Ø§Ù„ Ø¯Ø§Ø¯Ù‡ Ø§Ø±Ù‡ØŸ,0,0,_.zinbm._,2020-10-16T08:46:32.000Z,18166266910007805,7898912901,https://scontent-iad3-1.cdninstagram.com/v/t51.2885-19/44884218_345707102882519_2446069589734326272_n.jpg?_nc_ht=scontent-iad3-1.cdninstagram.com&_nc_ohc=OV4nSDX2_XIAX_ojQyK&oh=d95002d08e4cd25cc81b1217e315fc0f&oe=5FE93F8F&ig_cache_key=YW5vbnltb3VzX3Byb2ZpbGVfcGlj.2,false,2020-11-25T08:01:05.515Z,https://www.instagram.com/p/CGXfXWTAD_g/
,https://www.instagram.com/tanaz.mnb,ğŸ‘ğŸ¼ÙˆØ§Ù‚Ø¹Ø§ Ø§ÙØ±ÙŠÙ† Ø¨Ù‡Ø´ÙˆÙ†. Ú†Ù‚Ø¯Ø± Ø®ÙˆØ¨Ù‡ ÙƒÙ‡ Ú†Ù†ÙŠÙ† Ø§ÙØ±Ø§Ø¯ÙŠ Ù‡Ø³ØªÙ† ÙƒÙ‡ Ø¯ÙŠØ¯Ú¯Ø§Ù‡ Ù…Ø«Ø¨ØªÙŠ Ø±Ùˆ ØŒØ¯Ø± Ø§ÙŠÙ† Ø§ÙˆØ¶Ø§Ø¹ Ùˆ Ø²Ù…ÙˆÙ†Ù‡ØŒ Ø±Ø§Ø¬Ø¨ Ø§ÙŠØ±Ø§Ù† Ùˆ Ø§ÙŠØ±Ø§Ù†ÙŠØ§ Ø¨ÙˆØ¬ÙˆØ¯ Ù…ÙŠØ§Ø±Ù†,0,0,tanaz.mnb,2020-10-15T15:38:16.000Z,17892684271659238,1297680060,https://scontent-lga3-2.cdninstagram.com/v/t51.2885-19/s150x150/118372142_620245521962394_7393422523630623320_n.jpg?_nc_ht=scontent-lga3-2.cdninstagram.com&_nc_ohc=NCnaB4kz2CkAX9A2a23&tp=1&oh=825b55d45395fd8e5437a6ca350fe20b&oe=5FE7306F,false,2020-11-25T08:01:05.515Z,https://www.instagram.com/p/CGXfXWTAD_g/
,https://www.instagram.com/parisimanaziri,Ø®Ø¯Ø§ÙˆÙ†Ø¯ÛŒØ§Ø±ÙˆÙ†Ú¯Ù‡Ø¯Ø§Ø±Ø´ Ø¨Ø§Ø´Ù‡ Ù…Ø§ÛŒÙ‡ Ø§ÙØªØ®Ø§Ø±Ø§ÛŒØ±Ø§Ù† ğŸ‘ğŸ‘ğŸ‘ğŸŒºğŸŒºğŸŒº,0,0,parisimanaziri,2020-10-15T18:15:44.000Z,17889667393700563,4956640986,https://scontent-lga3-2.cdninstagram.com/v/t51.2885-19/s150x150/17662070_1119231894865935_6390583720637628416_a.jpg?_nc_ht=scontent-lga3-2.cdninstagram.com&_nc_ohc=l-rbE1D0dagAX8fZ6zk&tp=1&oh=81a9d3f067c664a3f0a0b4dcb13f974d&oe=5FE7CE96,false,2020-11-25T08:01:05.515Z,https://www.instagram.com/p/CGXfXWTAD_g/
,https://www.instagram.com/sobhan.taherinasab,Ø¨Ù‡ Ø§Ù…ÛŒØ¯ Ù…ÙˆÙÙ‚Øª Ù‡Ø§ÛŒ Ø±ÙˆØ² Ø§ÙØ²ÙˆÙ† Ø§ÛŒØ´Ø§Ù† ØŒ ÙˆÙ„ÛŒ Ø¢Ø¯Ù… Ø­Ø³Ø§Ø¨ÛŒ Ø¨ÙˆØ¯Ù† ÙÙ‚Ø· Ù…ÙˆÙÙ‚ Ø¨ÙˆØ¯Ù† Ø¯Ø± Ø¹Ù„Ù… Ùˆ Ú©Ø§Ø± Ù†ÛŒØ³Øª,0,0,sobhan.taherinasab,2020-11-24T09:35:45.000Z,17888459887789199,1633837655,https://scontent-lga3-2.cdninstagram.com/v/t51.2885-19/s150x150/87237354_187585835920910_8173605772568035328_n.jpg?_nc_ht=scontent-lga3-2.cdninstagram.com&_nc_ohc=MYnvRmUyepgAX-dWzkv&tp=1&oh=eeb987dfcf0d4889d3e780e0d5f6d133&oe=5FE694F9,false,2020-11-25T08:01:05.515Z,https://www.instagram.com/p/CGXfXWTAD_g/
,https://www.instagram.com/dr.sohaparviz,Ø³Ù„Ø§Ù… ÙˆÙ‚Øª Ø¨Ø®ÛŒØ± Ù…ÛŒØ´Ù‡ Ø¯Ø§ÛŒØ±Ú©Øª Ø¬ÙˆØ§Ø¨ Ø¨Ø¯ÛŒØ¯ Ù„Ø·ÙØ§,0,0,dr.sohaparviz,2020-11-11T06:09:10.000Z,18120419581155378,1502699857,https://scontent-lga3-2.cdninstagram.com/v/t51.2885-19/s150x150/81193661_852615578532604_8202743569438474240_n.jpg?_nc_ht=scontent-lga3-2.cdninstagram.com&_nc_ohc=eaGIg32FOIYAX8_txSb&tp=1&oh=09802279696838b1f86fe1b75e6d45d5&oe=5FE8B2F6,false,2020-11-25T08:01:05.515Z,https://www.instagram.com/p/CGXfXWTAD_g/
,https://www.instagram.com/forough6____6,ğŸ‘ğŸ‘ğŸ‘,0,0,forough6____6,2020-10-15T14:26:25.000Z,17900452126583342,35784289294,https://scontent-lga3-2.cdninstagram.com/v/t51.2885-19/s150x150/123570360_378758933317133_3434471050039625666_n.jpg?_nc_ht=scontent-lga3-2.cdninstagram.com&_nc_ohc=GVXpyMoEG38AX_IJrdq&tp=1&oh=96094f7305667ec269e1de5d79343933&oe=5FE6C9F2,false,2020-11-25T08:01:05.515Z,https://www.instagram.com/p/CGXfXWTAD_g/
,https://www.instagram.com/muziik_insta,Ø¢Ø¯Ù… Ø­Ø³Ø§Ø¨ÛŒ Ù‡Ø§ Ø¨Ø±Ø§ÛŒ ÙˆØ·Ù†Ø´Ø§Ù† Ú¯Ø§Ù… Ø¨Ø± Ù…ÛŒ Ø¯Ø§Ø±Ù†Ø¯,0,0,muziik_insta,2020-10-15T19:39:47.000Z,17895793666612474,42417415137,https://scontent-lga3-2.cdninstagram.com/v/t51.2885-19/s150x150/123279319_1118225428640674_1747954315515790108_n.jpg?_nc_ht=scontent-lga3-2.cdninstagram.com&_nc_ohc=ovF8jmEctC8AX8KaHjk&tp=1&oh=4669cdcedec17edfb049520bca52a28e&oe=5FE7CC2E,false,2020-11-25T08:01:05.515Z,https://www.instagram.com/p/CGXfXWTAD_g/